task_id,employee_id,date,task_description,estimated_duration,actual_duration,priority,deadline_days,mood,workload,project,dept,breaks,interruptions,remote_work,manager_id,team_size,completed,status,notes,tools_used
101,EMP183,09/20/2025,Write report,"2,1","2,6",Low,3,Calm,4,CRM Update,Analytics,2,5,100%,MGR322,11,No,Done,Needed extra research,"Word, Excel"
102,EMP75,09/24/2025,Write proposal,"1,6","2,1",Low,1,Focused,4,Client Dashboard,Sales,1,1,75%,MGR371,14,Yes,Done,Follow up required,"Zoom, Slack"
103,EMP91,09/21/2025,Code feature,"2,8","2,9",Medium,1,Stressed,7,Q4 Review Report,HR,1,4,50%,MGR311,13,No,Ongoing,Code reviewed twice,"JIRA, PyCharm"
104,EMP40,10/04/2025,Team meeting,"1,5","1,7",Low,5,Happy,10,CRM Update,Analytics,0,5,25%,MGR374,3,Yes,Done,Follow up required,"Zoom, Slack"
105,EMP136,10/07/2025,Team meeting,"2,4","2,9",High,3,Happy,4,Client Dashboard,HR,2,5,0%,MGR343,10,Yes,Done,Customer issue,"JIRA, PyCharm"
106,EMP89,10/16/2025,Design dashboard,"2,8",3,Low,5,Calm,6,Q4 Review Report,IT,0,2,75%,MGR368,3,Yes,Ongoing,UI feedback pending,"VSCode, GitHub"
107,EMP187,10/02/2025,Bug fixing,"1,1","1,2",Low,4,Calm,5,CRM Update,IT,2,4,100%,MGR367,13,No,Ongoing,Follow up required,"Zoom, Slack"
108,EMP76,09/21/2025,Write proposal,"3,2",3,Medium,1,Stressed,2,CRM Update,IT,2,3,100%,MGR316,8,No,Ongoing,Customer issue,Google Docs
109,EMP84,10/04/2025,Write report,"1,6","1,9",Low,6,Stressed,9,All-Hands Sync,HR,0,2,75%,MGR340,9,Yes,Ongoing,Ready for submission,Google Docs
110,EMP65,10/03/2025,Write report,"1,6","1,9",Low,3,Focused,10,CRM Update,IT,1,1,100%,MGR300,11,No,Delayed,Needed extra research,"Word, Excel"
111,EMP112,10/15/2025,Team meeting,"2,8","3,3",High,1,Calm,10,Q4 Review Report,Analytics,2,3,0%,MGR332,4,No,Ongoing,Good team engagement,"Zoom, Slack"
112,EMP155,10/14/2025,Write proposal,"2,3","2,3",Medium,2,Focused,4,Client Dashboard,HR,1,5,50%,MGR412,10,No,Done,Blocked by dependencies,"VSCode, GitHub"
113,EMP36,09/27/2025,Write report,"2,6","2,5",Low,5,Calm,10,CRM Update,Analytics,0,5,0%,MGR358,3,Yes,Delayed,Code reviewed twice,Google Docs
114,EMP80,09/25/2025,Design dashboard,"1,4","1,7",Medium,2,Focused,3,Client Dashboard,Sales,2,3,25%,MGR421,14,No,Done,Code reviewed twice,"Word, Excel"
115,EMP188,09/30/2025,Team meeting,"3,9","3,8",Medium,4,Tired,1,Client Dashboard,Analytics,0,3,50%,MGR327,5,Yes,Done,Revision requested,"JIRA, PyCharm"
116,EMP55,09/30/2025,Code feature,"2,4","2,3",Medium,4,Calm,2,App QA Cycle,Sales,0,0,100%,MGR303,3,Yes,Done,Follow up required,"JIRA, PyCharm"
117,EMP143,09/23/2025,Bug fixing,"2,9","3,2",High,2,Tired,1,App QA Cycle,HR,1,2,75%,MGR424,4,Yes,Delayed,Blocked by dependencies,"Word, Excel"
118,EMP168,10/10/2025,Write proposal,"2,5","2,5",High,6,Happy,1,Q4 Review Report,Sales,1,4,100%,MGR340,2,Yes,Done,Code reviewed twice,Google Docs
119,EMP37,10/08/2025,Code feature,"1,1","1,3",Medium,1,Focused,4,New Project RFP,Sales,0,4,0%,MGR407,12,No,Delayed,Blocked by dependencies,"Figma, Power BI"
120,EMP100,09/24/2025,Team meeting,3,3,Medium,2,Happy,8,All-Hands Sync,Analytics,0,3,100%,MGR325,3,Yes,Ongoing,Ready for submission,"VSCode, GitHub"
121,EMP109,10/15/2025,Write report,"1,2","1,5",High,3,Happy,3,App QA Cycle,Sales,2,2,100%,MGR302,12,No,Ongoing,Code reviewed twice,"VSCode, GitHub"
122,EMP87,09/20/2025,Write report,"3,8","3,6",Low,5,Calm,5,All-Hands Sync,Sales,0,5,50%,MGR352,12,No,Ongoing,Customer issue,"Zoom, Slack"
123,EMP33,09/19/2025,Design dashboard,"3,4","3,4",Medium,7,Happy,1,Q4 Review Report,HR,0,5,50%,MGR341,13,No,Ongoing,Follow up required,Google Docs
124,EMP22,09/20/2025,Write report,1,"1,1",Low,2,Focused,1,All-Hands Sync,Sales,2,1,75%,MGR332,2,No,Delayed,Needed extra research,"Zoom, Slack"
125,EMP73,10/08/2025,Code feature,"3,1",3,Low,1,Happy,9,App QA Cycle,Sales,2,1,25%,MGR341,14,Yes,Delayed,Needed extra research,"VSCode, GitHub"
126,EMP105,10/12/2025,Bug fixing,3,"3,3",Low,7,Calm,5,CRM Update,Analytics,1,0,75%,MGR356,5,No,Delayed,Ready for submission,"VSCode, GitHub"
127,EMP77,09/17/2025,Design dashboard,"2,5","2,4",High,4,Happy,5,Q4 Review Report,HR,1,5,100%,MGR402,12,No,Done,Code reviewed twice,"Zoom, Slack"
128,EMP65,10/05/2025,Team meeting,"1,5","1,5",High,1,Focused,7,All-Hands Sync,HR,1,4,100%,MGR329,8,Yes,Delayed,Needed extra research,"Figma, Power BI"
129,EMP131,09/17/2025,Write proposal,"1,8","2,1",Low,6,Calm,6,App QA Cycle,Analytics,2,2,100%,MGR380,12,Yes,Ongoing,Ready for submission,Google Docs
130,EMP99,10/08/2025,Bug fixing,"1,9","1,7",Medium,4,Happy,9,CRM Update,IT,1,5,75%,MGR344,11,No,Delayed,Revision requested,"Word, Excel"
131,EMP97,09/26/2025,Code feature,"1,6","1,9",Medium,7,Focused,10,Client Dashboard,HR,1,3,75%,MGR354,10,No,Ongoing,Good team engagement,"Figma, Power BI"
132,EMP41,09/26/2025,Write proposal,"1,6","1,5",Low,6,Focused,6,Q4 Review Report,IT,2,2,25%,MGR350,4,Yes,Done,Blocked by dependencies,"JIRA, PyCharm"
133,EMP176,10/14/2025,Write report,"3,5","3,8",Medium,4,Focused,4,Client Dashboard,QA,1,3,25%,MGR337,12,Yes,Done,Follow up required,"VSCode, GitHub"
134,EMP65,10/12/2025,Design dashboard,"3,8","3,6",Low,4,Stressed,9,CRM Update,Analytics,1,1,75%,MGR381,14,No,Ongoing,Revision requested,"JIRA, PyCharm"
135,EMP160,10/01/2025,Code feature,"3,8","3,7",Low,7,Tired,8,All-Hands Sync,IT,2,2,100%,MGR424,12,Yes,Delayed,Customer issue,"Word, Excel"
136,EMP93,09/24/2025,Team meeting,"3,8","3,6",Medium,3,Focused,2,CRM Update,IT,0,3,25%,MGR354,3,No,Delayed,UI feedback pending,Google Docs
137,EMP139,09/30/2025,Write report,"1,6","1,6",High,7,Tired,7,New Project RFP,Analytics,2,3,75%,MGR301,7,No,Delayed,Follow up required,Google Docs
138,EMP159,10/12/2025,Write proposal,"3,9","4,4",High,4,Calm,5,App QA Cycle,QA,0,3,50%,MGR403,13,Yes,Delayed,Good team engagement,Google Docs
139,EMP156,09/17/2025,Bug fixing,"2,2","2,3",Low,5,Stressed,2,Client Dashboard,QA,0,3,25%,MGR312,6,No,Delayed,Blocked by dependencies,"JIRA, PyCharm"
140,EMP103,09/27/2025,Bug fixing,"2,6","2,7",Medium,7,Tired,5,Q4 Review Report,QA,0,5,100%,MGR313,7,Yes,Ongoing,Code reviewed twice,"Figma, Power BI"
141,EMP30,10/11/2025,Write report,"3,9","4,2",High,2,Stressed,10,CRM Update,IT,0,3,0%,MGR355,9,No,Delayed,Good team engagement,Google Docs
142,EMP175,10/17/2025,Design dashboard,"2,6","2,6",Low,1,Calm,5,Q4 Review Report,Sales,0,2,100%,MGR396,8,Yes,Done,Audit scheduled,"Figma, Power BI"
143,EMP180,09/24/2025,Write report,"1,9","2,4",Low,7,Happy,10,Q4 Review Report,Sales,0,2,100%,MGR409,12,No,Done,Revision requested,"Figma, Power BI"
144,EMP107,09/17/2025,Bug fixing,"1,2","1,1",Medium,1,Tired,6,Client Dashboard,QA,2,1,75%,MGR345,13,No,Ongoing,Revision requested,"JIRA, PyCharm"
145,EMP139,09/30/2025,Design dashboard,"2,3","2,3",Low,3,Happy,4,Q4 Review Report,HR,1,1,75%,MGR397,7,Yes,Delayed,UI feedback pending,"VSCode, GitHub"
146,EMP144,09/23/2025,Team meeting,"1,6","1,5",Medium,3,Happy,10,Client Dashboard,HR,2,0,100%,MGR348,3,Yes,Ongoing,Follow up required,"JIRA, PyCharm"
147,EMP162,10/11/2025,Code feature,"3,4","3,4",Low,4,Tired,8,Q4 Review Report,Analytics,1,1,75%,MGR362,6,No,Delayed,Revision requested,Google Docs
148,EMP108,09/30/2025,Design dashboard,"3,1","3,3",Low,3,Happy,8,All-Hands Sync,HR,1,1,0%,MGR349,7,Yes,Ongoing,Revision requested,"Figma, Power BI"
149,EMP67,09/23/2025,Code feature,"3,3","3,8",Low,4,Happy,10,New Project RFP,Sales,1,0,25%,MGR375,5,No,Done,Ready for submission,"Word, Excel"
150,EMP156,09/21/2025,Team meeting,"3,8","3,9",High,1,Focused,5,Client Dashboard,IT,2,3,0%,MGR303,11,No,Delayed,Customer issue,"JIRA, PyCharm"
151,EMP107,09/22/2025,Write report,"1,3","1,2",Medium,7,Tired,2,Q4 Review Report,QA,1,0,100%,MGR313,4,Yes,Ongoing,Ready for submission,"Word, Excel"
152,EMP83,09/20/2025,Write proposal,"3,6","3,9",Medium,5,Focused,10,CRM Update,Sales,1,3,75%,MGR376,15,No,Delayed,Audit scheduled,Google Docs
153,EMP35,10/06/2025,Design dashboard,2,"1,9",High,7,Calm,4,All-Hands Sync,Analytics,0,1,25%,MGR319,4,Yes,Delayed,Customer issue,"Figma, Power BI"
154,EMP172,10/02/2025,Team meeting,"1,9","2,4",High,2,Happy,5,Client Dashboard,QA,0,5,25%,MGR367,14,Yes,Delayed,Code reviewed twice,Google Docs
155,EMP77,10/07/2025,Code feature,"3,2",3,Medium,7,Calm,2,Q4 Review Report,IT,1,4,100%,MGR373,9,Yes,Delayed,Ready for submission,"Figma, Power BI"
156,EMP123,10/17/2025,Team meeting,"3,7","3,7",Low,5,Tired,8,Q4 Review Report,Sales,0,3,50%,MGR364,2,Yes,Done,Audit scheduled,Google Docs
157,EMP25,10/11/2025,Design dashboard,"2,1",2,Medium,5,Stressed,3,App QA Cycle,Sales,2,3,50%,MGR346,11,No,Ongoing,Customer issue,"Word, Excel"
158,EMP140,09/28/2025,Bug fixing,"3,1","3,1",Medium,3,Stressed,3,All-Hands Sync,QA,2,3,50%,MGR402,15,Yes,Delayed,Code reviewed twice,"Zoom, Slack"
159,EMP84,09/27/2025,Write report,"3,2","3,1",Medium,7,Focused,1,Client Dashboard,Sales,1,3,0%,MGR348,10,No,Ongoing,Customer issue,"Figma, Power BI"
160,EMP133,10/11/2025,Write report,"3,3","3,2",High,3,Focused,3,All-Hands Sync,QA,2,3,0%,MGR307,12,Yes,Ongoing,Good team engagement,"Zoom, Slack"
161,EMP161,09/17/2025,Write proposal,"1,1",1,Medium,1,Calm,2,App QA Cycle,Analytics,2,1,75%,MGR374,10,No,Delayed,Customer issue,"JIRA, PyCharm"
162,EMP82,10/01/2025,Write proposal,"2,3","2,4",High,4,Calm,10,New Project RFP,IT,0,2,75%,MGR387,14,No,Done,Ready for submission,"Figma, Power BI"
163,EMP96,10/13/2025,Write proposal,"2,3","2,5",Low,6,Tired,3,App QA Cycle,Sales,1,2,50%,MGR396,9,No,Done,Blocked by dependencies,Google Docs
164,EMP118,09/24/2025,Bug fixing,"1,1",1,High,3,Tired,7,App QA Cycle,IT,1,0,25%,MGR428,11,No,Done,Customer issue,"Word, Excel"
165,EMP154,10/16/2025,Bug fixing,"2,4","2,9",High,6,Calm,7,Client Dashboard,IT,0,3,50%,MGR386,11,No,Ongoing,Code reviewed twice,"Zoom, Slack"
166,EMP192,10/14/2025,Write proposal,"2,5","2,3",Medium,3,Tired,9,Q4 Review Report,Sales,0,1,50%,MGR358,13,Yes,Delayed,Code reviewed twice,"Figma, Power BI"
167,EMP45,10/01/2025,Code feature,"1,4","1,3",Low,3,Stressed,1,All-Hands Sync,Analytics,1,2,50%,MGR410,4,Yes,Ongoing,Follow up required,Google Docs
168,EMP194,10/12/2025,Code feature,"2,2","2,4",High,2,Stressed,10,App QA Cycle,Sales,2,1,75%,MGR336,5,No,Ongoing,Ready for submission,"JIRA, PyCharm"
169,EMP85,10/08/2025,Write report,"1,6","2,1",Medium,3,Focused,3,Q4 Review Report,QA,1,4,50%,MGR408,13,No,Delayed,Ready for submission,"VSCode, GitHub"
170,EMP118,10/14/2025,Bug fixing,"1,2","1,4",High,2,Tired,10,All-Hands Sync,Sales,1,5,50%,MGR305,15,No,Delayed,Needed extra research,Google Docs
171,EMP195,10/11/2025,Design dashboard,"3,1","3,4",High,5,Tired,5,CRM Update,Sales,1,1,25%,MGR364,12,Yes,Ongoing,Code reviewed twice,"Figma, Power BI"
172,EMP185,09/18/2025,Team meeting,"3,8","4,3",Medium,1,Focused,6,Client Dashboard,IT,0,2,50%,MGR406,4,Yes,Done,Revision requested,"Zoom, Slack"
173,EMP155,10/03/2025,Team meeting,"1,9","2,4",High,3,Tired,5,Client Dashboard,HR,0,3,0%,MGR336,14,Yes,Ongoing,Follow up required,Google Docs
174,EMP113,09/19/2025,Bug fixing,"3,6","3,9",High,3,Focused,2,App QA Cycle,HR,2,5,50%,MGR397,15,No,Done,Blocked by dependencies,"JIRA, PyCharm"
175,EMP26,10/06/2025,Write proposal,"1,7",2,Medium,5,Calm,2,Client Dashboard,QA,2,2,75%,MGR329,4,Yes,Done,Ready for submission,"JIRA, PyCharm"
176,EMP49,09/20/2025,Code feature,"3,7","3,9",Low,2,Tired,8,All-Hands Sync,Sales,1,4,25%,MGR406,12,Yes,Delayed,Audit scheduled,"JIRA, PyCharm"
177,EMP91,09/18/2025,Design dashboard,2,"1,9",Medium,2,Tired,8,CRM Update,HR,0,5,50%,MGR391,2,No,Delayed,Blocked by dependencies,"Word, Excel"
178,EMP136,09/19/2025,Design dashboard,"3,7","3,6",High,6,Focused,1,Q4 Review Report,HR,0,1,100%,MGR352,3,Yes,Ongoing,Blocked by dependencies,"VSCode, GitHub"
179,EMP104,10/11/2025,Code feature,"3,7","3,7",Low,1,Happy,3,CRM Update,Sales,1,1,0%,MGR306,4,Yes,Delayed,Blocked by dependencies,Google Docs
180,EMP102,09/17/2025,Code feature,"1,7","1,5",Medium,1,Calm,7,New Project RFP,Analytics,2,0,75%,MGR414,14,No,Ongoing,Audit scheduled,"Word, Excel"
181,EMP135,10/03/2025,Code feature,1,"1,5",Low,1,Focused,5,App QA Cycle,Analytics,0,3,75%,MGR409,12,Yes,Delayed,Customer issue,"Word, Excel"
182,EMP40,09/27/2025,Write proposal,"3,6","3,5",High,1,Calm,5,New Project RFP,Sales,2,5,50%,MGR397,11,No,Delayed,Revision requested,Google Docs
183,EMP130,09/20/2025,Design dashboard,"1,5","1,7",High,7,Focused,4,App QA Cycle,QA,0,3,50%,MGR416,8,No,Ongoing,Code reviewed twice,"Zoom, Slack"
184,EMP129,09/27/2025,Design dashboard,"2,3","2,8",Medium,3,Calm,8,Q4 Review Report,Analytics,0,0,75%,MGR324,13,No,Done,Revision requested,"Word, Excel"
185,EMP170,10/17/2025,Write proposal,"3,1","3,2",Low,3,Stressed,7,All-Hands Sync,QA,2,0,50%,MGR379,7,Yes,Ongoing,Revision requested,"VSCode, GitHub"
186,EMP59,10/08/2025,Bug fixing,2,"1,9",High,7,Stressed,6,New Project RFP,HR,0,2,100%,MGR357,14,No,Ongoing,Audit scheduled,Google Docs
187,EMP192,10/07/2025,Write proposal,"1,5","1,5",High,5,Happy,1,CRM Update,HR,2,2,50%,MGR389,2,Yes,Done,Audit scheduled,"Figma, Power BI"
188,EMP122,09/19/2025,Code feature,"2,2",2,Low,6,Stressed,2,Client Dashboard,Sales,0,3,75%,MGR416,7,Yes,Delayed,Ready for submission,"Figma, Power BI"
189,EMP103,10/11/2025,Write proposal,"3,9","4,2",Low,1,Stressed,3,CRM Update,Sales,0,5,0%,MGR369,9,No,Delayed,Audit scheduled,"JIRA, PyCharm"
190,EMP126,09/25/2025,Code feature,"1,7","1,6",Low,1,Happy,7,Q4 Review Report,HR,2,5,100%,MGR424,10,No,Done,Blocked by dependencies,"JIRA, PyCharm"
191,EMP173,09/18/2025,Write report,"2,5","2,5",High,3,Calm,3,All-Hands Sync,HR,1,0,0%,MGR427,13,No,Done,Good team engagement,"JIRA, PyCharm"
192,EMP156,10/09/2025,Code feature,"1,4","1,4",Low,5,Happy,2,App QA Cycle,Analytics,1,0,75%,MGR319,15,No,Ongoing,Follow up required,Google Docs
193,EMP123,10/09/2025,Design dashboard,"1,8","1,9",Medium,3,Stressed,7,Q4 Review Report,HR,0,4,75%,MGR392,3,No,Done,Blocked by dependencies,"JIRA, PyCharm"
194,EMP170,09/29/2025,Write proposal,"2,5","2,3",High,4,Happy,6,CRM Update,HR,0,0,100%,MGR329,10,Yes,Delayed,UI feedback pending,"Figma, Power BI"
195,EMP185,10/13/2025,Code feature,"1,1","1,1",High,1,Calm,5,CRM Update,IT,2,1,0%,MGR345,14,No,Delayed,Audit scheduled,Google Docs
196,EMP134,10/08/2025,Write proposal,"2,9","2,7",Low,6,Focused,6,Client Dashboard,HR,0,3,0%,MGR420,9,No,Delayed,Audit scheduled,"Word, Excel"
197,EMP110,10/03/2025,Write report,"1,4","1,7",Medium,4,Tired,1,Q4 Review Report,HR,1,0,0%,MGR429,8,No,Ongoing,Revision requested,"Figma, Power BI"
198,EMP30,10/01/2025,Write proposal,"2,3","2,1",Low,2,Happy,10,App QA Cycle,Sales,0,0,75%,MGR326,14,No,Ongoing,Code reviewed twice,Google Docs
199,EMP185,09/22/2025,Write report,"1,7",2,High,6,Tired,8,New Project RFP,Sales,2,1,50%,MGR395,6,No,Delayed,UI feedback pending,"Figma, Power BI"
200,EMP173,09/18/2025,Design dashboard,"1,2","1,4",Low,3,Stressed,6,Q4 Review Report,Sales,2,3,50%,MGR364,13,Yes,Delayed,Code reviewed twice,Google Docs
201,EMP189,09/21/2025,Team meeting,"1,7","1,5",Medium,6,Tired,3,New Project RFP,Analytics,1,4,75%,MGR384,15,Yes,Ongoing,Revision requested,"Word, Excel"
202,EMP185,10/08/2025,Bug fixing,"2,1","2,4",Low,3,Stressed,6,All-Hands Sync,IT,0,2,75%,MGR349,5,Yes,Done,Code reviewed twice,"Zoom, Slack"
203,EMP45,10/03/2025,Write proposal,4,"3,8",Low,5,Stressed,6,New Project RFP,IT,2,3,25%,MGR341,4,Yes,Ongoing,Customer issue,"Word, Excel"
204,EMP125,09/28/2025,Design dashboard,"2,6","2,6",Low,2,Tired,10,All-Hands Sync,QA,0,4,25%,MGR379,14,No,Done,UI feedback pending,"Figma, Power BI"
205,EMP166,10/01/2025,Bug fixing,"1,5","1,7",Medium,7,Tired,9,New Project RFP,QA,0,1,100%,MGR335,15,No,Done,Customer issue,"Zoom, Slack"
206,EMP161,10/16/2025,Write report,"1,6","2,1",Low,7,Focused,2,All-Hands Sync,Analytics,0,2,75%,MGR337,15,No,Done,Blocked by dependencies,"JIRA, PyCharm"
207,EMP109,10/16/2025,Write report,"3,6","3,9",Medium,1,Tired,9,All-Hands Sync,IT,1,0,50%,MGR357,2,No,Done,UI feedback pending,"VSCode, GitHub"
208,EMP55,09/18/2025,Team meeting,3,"3,2",Medium,6,Calm,8,App QA Cycle,Sales,0,0,0%,MGR365,5,Yes,Ongoing,Audit scheduled,Google Docs
209,EMP128,09/20/2025,Team meeting,"3,1",3,High,3,Stressed,1,CRM Update,QA,2,4,75%,MGR316,3,No,Ongoing,Revision requested,"Word, Excel"
210,EMP181,10/03/2025,Write proposal,"1,7","1,6",High,6,Calm,5,App QA Cycle,Analytics,2,2,25%,MGR406,4,Yes,Ongoing,UI feedback pending,"Word, Excel"
211,EMP154,10/04/2025,Write proposal,"1,5","1,5",Low,5,Stressed,7,App QA Cycle,Analytics,2,3,50%,MGR364,13,Yes,Delayed,Code reviewed twice,"Zoom, Slack"
212,EMP81,10/10/2025,Design dashboard,"2,2","2,1",Low,1,Focused,6,CRM Update,Analytics,1,4,50%,MGR344,15,No,Ongoing,Customer issue,"Figma, Power BI"
213,EMP66,10/12/2025,Code feature,"3,8","3,8",High,6,Tired,1,All-Hands Sync,IT,0,1,0%,MGR380,6,No,Ongoing,Customer issue,"Zoom, Slack"
214,EMP29,10/11/2025,Design dashboard,3,3,High,3,Happy,1,Client Dashboard,HR,1,0,50%,MGR411,8,No,Delayed,UI feedback pending,"VSCode, GitHub"
215,EMP147,10/09/2025,Bug fixing,"1,3","1,2",Medium,7,Focused,5,Q4 Review Report,QA,0,3,100%,MGR346,10,No,Delayed,Code reviewed twice,"Word, Excel"
216,EMP103,10/08/2025,Team meeting,"2,6","2,7",Medium,4,Focused,7,CRM Update,QA,1,3,0%,MGR390,11,No,Delayed,Needed extra research,"Word, Excel"
217,EMP191,10/07/2025,Bug fixing,"1,8","2,1",Medium,5,Calm,1,CRM Update,Sales,2,3,0%,MGR332,3,Yes,Ongoing,UI feedback pending,"Zoom, Slack"
218,EMP118,10/17/2025,Write proposal,"1,5","1,5",High,5,Calm,8,All-Hands Sync,HR,1,0,100%,MGR335,10,No,Delayed,UI feedback pending,"Figma, Power BI"
219,EMP91,09/24/2025,Write report,"2,5","2,5",High,6,Calm,8,New Project RFP,QA,2,0,50%,MGR366,13,No,Done,Audit scheduled,"Zoom, Slack"
220,EMP197,10/16/2025,Bug fixing,"1,7","1,5",High,1,Calm,2,App QA Cycle,IT,2,3,0%,MGR381,12,No,Ongoing,Code reviewed twice,Google Docs
221,EMP158,09/26/2025,Team meeting,"3,7","4,2",High,6,Calm,6,New Project RFP,IT,0,1,25%,MGR360,14,No,Done,UI feedback pending,Google Docs
222,EMP166,09/28/2025,Bug fixing,"3,6","3,5",Low,2,Focused,2,Q4 Review Report,HR,1,5,75%,MGR405,14,No,Ongoing,Code reviewed twice,"VSCode, GitHub"
223,EMP101,10/07/2025,Write report,2,"2,2",Medium,4,Focused,6,CRM Update,Sales,2,4,25%,MGR333,8,Yes,Done,Revision requested,"VSCode, GitHub"
224,EMP97,09/22/2025,Code feature,"3,1","3,3",Medium,6,Calm,6,New Project RFP,HR,0,2,25%,MGR370,4,No,Ongoing,Revision requested,"Word, Excel"
225,EMP148,10/07/2025,Code feature,"3,6","3,4",Low,5,Calm,3,Client Dashboard,Sales,2,4,50%,MGR310,15,Yes,Done,Needed extra research,"Figma, Power BI"
226,EMP167,09/25/2025,Design dashboard,"3,3","3,6",High,7,Focused,7,New Project RFP,Analytics,1,5,100%,MGR374,12,No,Delayed,Blocked by dependencies,"Figma, Power BI"
227,EMP123,09/26/2025,Bug fixing,"1,3","1,6",High,6,Stressed,3,App QA Cycle,QA,1,3,25%,MGR387,11,Yes,Delayed,UI feedback pending,"Figma, Power BI"
228,EMP108,09/29/2025,Code feature,"3,7",4,Medium,5,Focused,2,All-Hands Sync,IT,1,0,50%,MGR415,5,Yes,Done,Needed extra research,"Zoom, Slack"
229,EMP118,10/14/2025,Write proposal,"2,7","2,5",Medium,2,Calm,6,New Project RFP,HR,0,1,75%,MGR419,9,No,Delayed,Needed extra research,"Word, Excel"
230,EMP120,10/03/2025,Bug fixing,"3,8","3,8",High,2,Focused,6,Q4 Review Report,Analytics,1,3,100%,MGR420,6,Yes,Done,Follow up required,"VSCode, GitHub"
231,EMP87,10/10/2025,Team meeting,1,1,Medium,3,Stressed,7,Q4 Review Report,Sales,2,1,50%,MGR373,3,No,Ongoing,Customer issue,Google Docs
232,EMP91,10/13/2025,Write proposal,"2,6","2,4",Low,5,Stressed,3,Q4 Review Report,QA,1,2,100%,MGR393,14,Yes,Done,Audit scheduled,Google Docs
233,EMP122,10/03/2025,Write report,"2,3","2,8",High,1,Calm,6,App QA Cycle,Sales,1,1,100%,MGR335,7,No,Done,Follow up required,Google Docs
234,EMP96,10/05/2025,Team meeting,"1,7","1,7",Low,7,Focused,9,App QA Cycle,Sales,1,3,0%,MGR394,7,Yes,Delayed,Audit scheduled,"Zoom, Slack"
235,EMP196,10/07/2025,Write report,"1,1",1,Low,4,Happy,10,New Project RFP,IT,2,0,100%,MGR422,4,No,Done,Blocked by dependencies,"Word, Excel"
236,EMP166,10/17/2025,Design dashboard,2,"2,3",High,2,Stressed,8,All-Hands Sync,QA,0,3,25%,MGR405,10,No,Ongoing,Needed extra research,"Figma, Power BI"
237,EMP55,10/03/2025,Code feature,"2,1",2,Low,3,Tired,9,App QA Cycle,HR,0,3,100%,MGR387,10,No,Ongoing,Ready for submission,Google Docs
238,EMP143,09/23/2025,Code feature,"3,2","3,2",Medium,5,Happy,4,All-Hands Sync,HR,2,1,75%,MGR381,9,No,Ongoing,Ready for submission,"Zoom, Slack"
239,EMP51,10/05/2025,Design dashboard,"2,6","2,8",Low,4,Tired,6,CRM Update,HR,0,2,0%,MGR388,9,No,Ongoing,Customer issue,"VSCode, GitHub"
240,EMP71,10/13/2025,Write proposal,"2,1",2,Medium,5,Happy,3,Q4 Review Report,Sales,2,4,25%,MGR362,2,Yes,Ongoing,Blocked by dependencies,"Word, Excel"
241,EMP45,09/30/2025,Team meeting,"1,8","1,6",Low,4,Stressed,3,Q4 Review Report,Sales,0,3,75%,MGR422,12,Yes,Delayed,UI feedback pending,"Zoom, Slack"
242,EMP185,09/18/2025,Write report,"3,9","4,4",Low,5,Calm,9,Client Dashboard,Analytics,0,3,25%,MGR309,15,No,Delayed,Good team engagement,"Figma, Power BI"
243,EMP94,10/15/2025,Write report,"2,5","2,7",High,3,Focused,10,Q4 Review Report,HR,1,3,100%,MGR426,4,No,Delayed,Blocked by dependencies,"Word, Excel"
244,EMP104,09/22/2025,Design dashboard,"2,3","2,8",Medium,6,Happy,3,Q4 Review Report,HR,1,4,25%,MGR344,11,No,Delayed,Revision requested,"Zoom, Slack"
245,EMP42,09/29/2025,Design dashboard,"2,5","2,8",High,2,Calm,8,All-Hands Sync,IT,0,2,75%,MGR360,9,No,Delayed,Ready for submission,Google Docs
246,EMP166,09/17/2025,Team meeting,3,3,Low,3,Calm,1,Client Dashboard,Analytics,1,2,25%,MGR403,12,No,Ongoing,Code reviewed twice,"Figma, Power BI"
247,EMP95,09/28/2025,Write proposal,"1,6","2,1",High,2,Calm,8,CRM Update,QA,2,4,50%,MGR406,13,No,Ongoing,Blocked by dependencies,"VSCode, GitHub"
248,EMP194,10/11/2025,Write proposal,"2,5","2,8",High,5,Tired,9,Client Dashboard,HR,0,4,0%,MGR315,15,Yes,Ongoing,Revision requested,"VSCode, GitHub"
249,EMP62,09/27/2025,Write proposal,"1,1","1,1",Medium,1,Calm,10,App QA Cycle,Analytics,2,3,0%,MGR416,4,No,Delayed,Audit scheduled,"Word, Excel"
250,EMP163,10/01/2025,Design dashboard,"1,1","1,4",Medium,6,Stressed,7,All-Hands Sync,Analytics,2,1,100%,MGR318,2,No,Delayed,Code reviewed twice,Google Docs
251,EMP35,10/16/2025,Write report,"3,8","4,3",Medium,1,Happy,7,CRM Update,IT,2,5,75%,MGR395,8,No,Delayed,Follow up required,"Word, Excel"
252,EMP194,10/17/2025,Design dashboard,"1,8","1,6",Low,2,Happy,2,CRM Update,Sales,1,4,25%,MGR357,15,Yes,Done,Ready for submission,"JIRA, PyCharm"
253,EMP192,10/10/2025,Write proposal,"2,1","2,1",Medium,5,Tired,4,CRM Update,QA,1,1,50%,MGR348,13,Yes,Done,Follow up required,Google Docs
254,EMP24,09/24/2025,Code feature,"3,9","4,4",High,1,Focused,1,App QA Cycle,Sales,2,5,0%,MGR362,13,Yes,Delayed,Customer issue,"VSCode, GitHub"
255,EMP158,09/23/2025,Write report,"2,3","2,8",High,5,Happy,4,Client Dashboard,Sales,1,4,100%,MGR382,5,No,Done,Revision requested,"VSCode, GitHub"
256,EMP125,09/26/2025,Team meeting,"2,7",3,High,5,Focused,3,Client Dashboard,QA,2,3,0%,MGR388,12,No,Ongoing,UI feedback pending,"Figma, Power BI"
257,EMP126,09/30/2025,Code feature,"3,6","3,5",Medium,4,Calm,9,App QA Cycle,IT,0,2,25%,MGR418,2,No,Delayed,Revision requested,Google Docs
258,EMP54,09/29/2025,Code feature,"1,9","1,8",Medium,2,Happy,2,App QA Cycle,HR,0,4,25%,MGR313,6,No,Ongoing,Audit scheduled,Google Docs
259,EMP30,10/14/2025,Write report,"1,8",2,High,7,Focused,9,CRM Update,QA,0,2,50%,MGR303,5,Yes,Ongoing,Code reviewed twice,"Figma, Power BI"
260,EMP142,10/16/2025,Code feature,"1,5","1,5",Low,5,Calm,7,CRM Update,Sales,1,2,75%,MGR419,10,No,Delayed,Ready for submission,"Zoom, Slack"
261,EMP151,10/15/2025,Bug fixing,"2,2",2,Medium,1,Tired,6,CRM Update,HR,1,3,0%,MGR356,13,Yes,Done,Ready for submission,Google Docs
262,EMP169,10/05/2025,Design dashboard,"3,1","2,9",Medium,3,Calm,4,All-Hands Sync,IT,1,4,25%,MGR427,10,No,Delayed,Customer issue,"Figma, Power BI"
263,EMP184,10/10/2025,Bug fixing,"1,3","1,2",Medium,2,Happy,3,CRM Update,Sales,1,1,100%,MGR315,10,Yes,Done,Needed extra research,"Word, Excel"
264,EMP125,09/21/2025,Design dashboard,4,"4,1",High,1,Calm,1,CRM Update,Sales,1,2,0%,MGR423,12,No,Done,Needed extra research,Google Docs
265,EMP161,09/30/2025,Write report,"1,8","1,9",High,5,Happy,9,All-Hands Sync,Analytics,2,5,75%,MGR345,3,Yes,Ongoing,Good team engagement,"VSCode, GitHub"
266,EMP69,10/06/2025,Write proposal,"3,6","3,6",Medium,7,Happy,5,App QA Cycle,Analytics,1,3,75%,MGR362,13,Yes,Delayed,Code reviewed twice,"Figma, Power BI"
267,EMP186,10/11/2025,Write report,"3,5","3,5",High,4,Tired,7,New Project RFP,QA,0,5,0%,MGR343,3,No,Delayed,UI feedback pending,Google Docs
268,EMP44,10/15/2025,Write proposal,"3,1",3,High,2,Calm,10,App QA Cycle,HR,0,0,50%,MGR308,4,No,Done,Blocked by dependencies,Google Docs
269,EMP56,10/11/2025,Design dashboard,"1,9","1,8",Medium,1,Happy,3,New Project RFP,IT,2,3,100%,MGR384,8,Yes,Ongoing,Code reviewed twice,Google Docs
270,EMP108,09/18/2025,Write report,"2,3","2,4",Medium,2,Stressed,6,New Project RFP,Sales,2,3,50%,MGR307,12,No,Delayed,Customer issue,"VSCode, GitHub"
271,EMP111,10/04/2025,Bug fixing,"3,6","4,1",Medium,2,Focused,7,Q4 Review Report,Sales,1,1,0%,MGR321,6,Yes,Delayed,Good team engagement,"Figma, Power BI"
272,EMP119,09/27/2025,Team meeting,"1,2","1,1",High,1,Stressed,5,App QA Cycle,HR,1,0,25%,MGR322,4,No,Delayed,Revision requested,Google Docs
273,EMP151,09/30/2025,Write report,"2,5",3,High,1,Happy,9,Q4 Review Report,Sales,2,2,75%,MGR303,6,No,Delayed,Code reviewed twice,"Figma, Power BI"
274,EMP163,10/15/2025,Code feature,"1,6","1,4",Low,5,Calm,7,CRM Update,IT,1,2,50%,MGR426,4,Yes,Done,Follow up required,"Zoom, Slack"
275,EMP127,09/26/2025,Bug fixing,"3,4","3,7",High,3,Happy,4,Client Dashboard,QA,2,4,25%,MGR417,3,Yes,Delayed,Needed extra research,"JIRA, PyCharm"
276,EMP105,10/13/2025,Write proposal,"3,7","3,6",Medium,7,Happy,8,All-Hands Sync,QA,2,4,25%,MGR376,7,Yes,Delayed,UI feedback pending,"VSCode, GitHub"
277,EMP121,10/17/2025,Team meeting,"2,1","2,2",Medium,6,Tired,10,CRM Update,HR,1,2,75%,MGR393,3,Yes,Ongoing,Revision requested,"VSCode, GitHub"
278,EMP194,10/11/2025,Write proposal,"2,3","2,2",High,6,Tired,4,App QA Cycle,HR,2,0,75%,MGR427,4,No,Done,Ready for submission,"Figma, Power BI"
279,EMP59,10/09/2025,Bug fixing,"1,1","1,1",Medium,1,Tired,10,App QA Cycle,Sales,1,4,100%,MGR407,10,Yes,Delayed,Revision requested,Google Docs
280,EMP183,10/16/2025,Write report,"1,5","1,3",High,7,Calm,6,CRM Update,Sales,0,4,75%,MGR384,14,No,Done,Needed extra research,"Word, Excel"
281,EMP86,09/24/2025,Write proposal,"1,9",2,Low,5,Focused,10,Client Dashboard,Sales,0,3,50%,MGR400,9,Yes,Delayed,Needed extra research,"JIRA, PyCharm"
282,EMP46,09/26/2025,Bug fixing,"3,6","3,6",High,1,Calm,6,All-Hands Sync,HR,1,1,100%,MGR423,7,No,Done,Customer issue,"Figma, Power BI"
283,EMP198,10/01/2025,Team meeting,"1,1",1,High,3,Stressed,2,Q4 Review Report,HR,2,0,25%,MGR362,10,Yes,Ongoing,Good team engagement,"Zoom, Slack"
284,EMP163,09/30/2025,Bug fixing,"1,9","2,1",High,7,Tired,3,CRM Update,QA,1,0,100%,MGR350,9,No,Delayed,Needed extra research,"Figma, Power BI"
285,EMP74,09/23/2025,Team meeting,"1,4","1,4",Low,7,Stressed,10,Q4 Review Report,Sales,0,2,50%,MGR350,9,Yes,Delayed,Customer issue,Google Docs
286,EMP183,09/27/2025,Write proposal,"3,5","3,8",Medium,5,Tired,10,Q4 Review Report,HR,1,3,100%,MGR344,15,No,Ongoing,Audit scheduled,"Word, Excel"
287,EMP192,09/21/2025,Team meeting,"1,6","2,1",High,2,Happy,2,CRM Update,HR,2,1,100%,MGR399,8,Yes,Ongoing,Follow up required,"JIRA, PyCharm"
288,EMP67,10/02/2025,Design dashboard,"2,4","2,2",Low,6,Calm,9,CRM Update,QA,1,1,25%,MGR380,15,No,Ongoing,Needed extra research,"Zoom, Slack"
289,EMP22,10/02/2025,Code feature,"1,2","1,5",High,7,Tired,9,New Project RFP,QA,1,5,75%,MGR406,13,No,Delayed,Good team engagement,"Word, Excel"
290,EMP164,09/17/2025,Code feature,"2,2","2,4",Medium,1,Happy,4,New Project RFP,HR,0,3,100%,MGR426,10,Yes,Ongoing,Code reviewed twice,"Zoom, Slack"
291,EMP159,10/13/2025,Team meeting,"2,9","3,2",Low,7,Stressed,8,New Project RFP,IT,1,0,25%,MGR376,15,Yes,Delayed,Ready for submission,"Zoom, Slack"
292,EMP42,10/01/2025,Write report,"1,4","1,5",High,2,Focused,6,Client Dashboard,Sales,2,3,25%,MGR335,14,Yes,Done,Needed extra research,Google Docs
293,EMP109,10/04/2025,Team meeting,"2,5","2,3",Low,5,Calm,6,Client Dashboard,HR,1,4,50%,MGR324,4,No,Done,Ready for submission,"Figma, Power BI"
294,EMP52,10/09/2025,Code feature,"1,1",1,High,2,Happy,4,Client Dashboard,QA,1,1,100%,MGR368,12,No,Delayed,Customer issue,"Word, Excel"
295,EMP182,10/12/2025,Write report,"2,3","2,4",Medium,5,Happy,6,App QA Cycle,QA,1,4,0%,MGR323,13,No,Ongoing,UI feedback pending,"Word, Excel"
296,EMP156,09/29/2025,Code feature,"1,2","1,7",Medium,7,Calm,8,All-Hands Sync,HR,1,2,100%,MGR333,11,No,Delayed,Needed extra research,"Word, Excel"
297,EMP45,10/07/2025,Bug fixing,"1,6","1,4",High,1,Calm,8,App QA Cycle,Analytics,1,1,25%,MGR377,4,No,Done,UI feedback pending,"Zoom, Slack"
298,EMP41,09/28/2025,Design dashboard,"3,5","3,5",Low,2,Stressed,7,Client Dashboard,HR,2,5,25%,MGR409,12,Yes,Ongoing,Code reviewed twice,"Word, Excel"
299,EMP74,10/02/2025,Write report,"3,1","3,1",High,5,Calm,9,Client Dashboard,QA,0,0,50%,MGR330,15,No,Ongoing,Good team engagement,"JIRA, PyCharm"
300,EMP38,09/24/2025,Bug fixing,"1,5","1,5",High,6,Stressed,2,All-Hands Sync,HR,1,1,75%,MGR334,12,Yes,Done,Revision requested,Google Docs
301,EMP22,10/06/2025,Design dashboard,"2,3","2,1",High,4,Happy,4,Client Dashboard,IT,1,4,75%,MGR355,3,Yes,Done,Code reviewed twice,Google Docs
302,EMP118,09/28/2025,Bug fixing,"1,3","1,3",Medium,7,Calm,4,All-Hands Sync,Analytics,0,4,100%,MGR372,14,Yes,Ongoing,Ready for submission,"VSCode, GitHub"
303,EMP152,10/06/2025,Write proposal,3,"3,5",High,6,Tired,5,Client Dashboard,Analytics,0,3,75%,MGR328,5,No,Ongoing,Audit scheduled,"Word, Excel"
304,EMP155,10/15/2025,Write report,"2,9","3,4",Medium,3,Calm,7,New Project RFP,QA,1,4,25%,MGR420,14,Yes,Done,Audit scheduled,"Word, Excel"
305,EMP23,09/25/2025,Code feature,"3,2","3,1",High,1,Tired,9,All-Hands Sync,Sales,1,3,75%,MGR321,12,Yes,Delayed,Code reviewed twice,"Zoom, Slack"
306,EMP40,10/03/2025,Code feature,"2,3","2,8",High,5,Happy,7,New Project RFP,Analytics,1,5,75%,MGR361,2,Yes,Done,Follow up required,"Word, Excel"
307,EMP136,10/06/2025,Write proposal,"2,3","2,6",High,3,Calm,2,Q4 Review Report,IT,2,0,25%,MGR427,7,No,Done,UI feedback pending,"VSCode, GitHub"
308,EMP88,10/10/2025,Write report,"2,7","2,9",High,3,Tired,5,New Project RFP,Analytics,1,5,100%,MGR319,9,No,Ongoing,UI feedback pending,"Word, Excel"
309,EMP147,10/14/2025,Write proposal,"3,3","3,3",High,3,Calm,5,Q4 Review Report,Sales,2,5,0%,MGR358,13,Yes,Done,Needed extra research,"VSCode, GitHub"
310,EMP31,10/02/2025,Team meeting,2,"2,3",Medium,2,Calm,1,New Project RFP,QA,0,2,25%,MGR406,13,No,Delayed,Code reviewed twice,Google Docs
311,EMP115,09/20/2025,Write proposal,"1,1","1,1",Low,1,Calm,4,New Project RFP,Analytics,1,0,75%,MGR372,14,No,Delayed,Code reviewed twice,Google Docs
312,EMP136,09/17/2025,Team meeting,"1,9","1,7",High,3,Focused,5,Client Dashboard,Sales,0,3,50%,MGR426,14,Yes,Ongoing,Revision requested,"VSCode, GitHub"
313,EMP58,09/17/2025,Bug fixing,"3,1","3,4",High,2,Focused,6,Client Dashboard,Analytics,1,0,75%,MGR378,3,Yes,Ongoing,Blocked by dependencies,"JIRA, PyCharm"
314,EMP145,10/17/2025,Write report,"1,1","1,2",High,6,Happy,2,Q4 Review Report,IT,2,3,50%,MGR417,13,Yes,Ongoing,Code reviewed twice,Google Docs
315,EMP54,10/07/2025,Bug fixing,"2,5","2,4",High,5,Focused,1,App QA Cycle,IT,0,2,50%,MGR380,14,No,Ongoing,UI feedback pending,"Zoom, Slack"
316,EMP135,09/25/2025,Code feature,2,"1,8",High,2,Calm,10,Q4 Review Report,IT,0,1,75%,MGR419,7,No,Done,Revision requested,"Zoom, Slack"
317,EMP73,10/01/2025,Team meeting,"2,3","2,2",Medium,3,Stressed,2,CRM Update,HR,2,5,100%,MGR310,5,No,Done,Code reviewed twice,"Figma, Power BI"
318,EMP83,10/17/2025,Team meeting,"1,1",1,Medium,5,Stressed,5,All-Hands Sync,IT,0,3,75%,MGR363,3,No,Done,Good team engagement,"Word, Excel"
319,EMP23,09/18/2025,Code feature,"2,9",3,High,2,Tired,6,Client Dashboard,Analytics,2,4,50%,MGR319,2,Yes,Done,Customer issue,"VSCode, GitHub"
320,EMP43,10/15/2025,Team meeting,"1,8","1,9",High,1,Tired,1,CRM Update,Sales,1,5,75%,MGR427,2,No,Ongoing,Follow up required,"VSCode, GitHub"
321,EMP110,09/23/2025,Code feature,"2,9",3,Medium,3,Tired,3,Q4 Review Report,Sales,2,4,25%,MGR375,9,No,Ongoing,Customer issue,"Word, Excel"
322,EMP42,09/25/2025,Bug fixing,"2,5",3,High,4,Calm,9,CRM Update,Sales,0,3,50%,MGR422,10,No,Delayed,Audit scheduled,Google Docs
323,EMP102,09/29/2025,Team meeting,"3,1",3,High,1,Happy,10,CRM Update,Analytics,1,0,75%,MGR391,14,Yes,Done,Code reviewed twice,"VSCode, GitHub"
324,EMP188,09/24/2025,Team meeting,"3,8","4,1",Low,7,Stressed,4,New Project RFP,QA,1,1,25%,MGR360,11,No,Ongoing,UI feedback pending,Google Docs
325,EMP27,10/09/2025,Design dashboard,"2,8",3,Medium,5,Focused,3,New Project RFP,IT,1,4,50%,MGR344,9,Yes,Done,Needed extra research,"VSCode, GitHub"
326,EMP174,09/24/2025,Write report,"3,4","3,7",Low,4,Stressed,6,New Project RFP,IT,0,2,25%,MGR382,2,Yes,Done,Audit scheduled,"Figma, Power BI"
327,EMP56,10/11/2025,Write report,"2,2","2,5",Low,7,Happy,2,All-Hands Sync,QA,2,0,50%,MGR377,7,Yes,Done,Follow up required,"Figma, Power BI"
328,EMP144,10/07/2025,Team meeting,"1,4","1,9",High,6,Focused,10,All-Hands Sync,IT,2,4,25%,MGR396,6,No,Done,Good team engagement,"Figma, Power BI"
329,EMP20,10/17/2025,Design dashboard,"2,6","3,1",Low,4,Focused,1,CRM Update,Sales,1,4,25%,MGR326,9,Yes,Delayed,Code reviewed twice,"VSCode, GitHub"
330,EMP108,09/27/2025,Code feature,"2,9","2,9",Low,1,Happy,8,Q4 Review Report,HR,0,1,0%,MGR389,6,Yes,Ongoing,Needed extra research,"Word, Excel"
331,EMP118,10/01/2025,Design dashboard,"3,9",4,Medium,2,Tired,8,App QA Cycle,HR,2,3,0%,MGR422,14,Yes,Done,Customer issue,"Word, Excel"
332,EMP28,09/26/2025,Write report,"1,6","2,1",Medium,3,Stressed,2,All-Hands Sync,IT,1,1,0%,MGR323,7,No,Ongoing,Needed extra research,"JIRA, PyCharm"
333,EMP187,09/22/2025,Write proposal,"1,2","1,1",Medium,2,Stressed,2,All-Hands Sync,IT,0,3,100%,MGR367,12,No,Delayed,Blocked by dependencies,"Word, Excel"
334,EMP32,09/29/2025,Write proposal,"2,1","2,6",Low,7,Tired,3,Q4 Review Report,HR,0,3,0%,MGR375,15,No,Done,Code reviewed twice,"Word, Excel"
335,EMP72,09/22/2025,Design dashboard,"1,3","1,5",Medium,1,Tired,2,All-Hands Sync,QA,1,3,50%,MGR323,12,No,Done,UI feedback pending,"JIRA, PyCharm"
336,EMP114,09/22/2025,Bug fixing,2,"2,1",High,3,Tired,8,All-Hands Sync,IT,1,4,0%,MGR338,14,Yes,Done,UI feedback pending,Google Docs
337,EMP125,10/11/2025,Write proposal,2,"2,1",High,5,Stressed,7,New Project RFP,QA,2,5,75%,MGR360,9,No,Done,Follow up required,"Figma, Power BI"
338,EMP28,10/03/2025,Write proposal,3,"2,8",Low,7,Focused,10,CRM Update,Analytics,1,1,25%,MGR354,14,Yes,Done,Needed extra research,"JIRA, PyCharm"
339,EMP40,10/08/2025,Bug fixing,"3,4","3,4",High,7,Calm,10,All-Hands Sync,HR,2,0,0%,MGR399,10,No,Ongoing,UI feedback pending,"Zoom, Slack"
340,EMP153,10/01/2025,Write report,"2,5","2,6",Low,5,Focused,9,App QA Cycle,Analytics,1,1,25%,MGR325,3,Yes,Delayed,Revision requested,"Zoom, Slack"
341,EMP125,09/25/2025,Bug fixing,"3,1","3,6",Low,4,Focused,10,App QA Cycle,Analytics,0,2,75%,MGR336,11,No,Done,Follow up required,"Zoom, Slack"
342,EMP196,09/24/2025,Write report,"3,8","4,1",Low,4,Happy,6,Q4 Review Report,HR,1,2,50%,MGR425,15,Yes,Done,Good team engagement,"Zoom, Slack"
343,EMP133,10/11/2025,Team meeting,"2,3","2,8",Medium,6,Tired,10,Client Dashboard,Analytics,0,3,25%,MGR404,13,No,Ongoing,UI feedback pending,"Word, Excel"
344,EMP151,10/12/2025,Code feature,"1,8","1,9",High,3,Focused,7,CRM Update,Sales,2,0,25%,MGR349,15,Yes,Done,Blocked by dependencies,"Word, Excel"
345,EMP136,09/18/2025,Team meeting,"2,3","2,5",Low,2,Happy,6,App QA Cycle,Sales,1,5,0%,MGR307,5,No,Delayed,Audit scheduled,"JIRA, PyCharm"
346,EMP65,10/17/2025,Bug fixing,4,"4,3",Low,5,Happy,6,CRM Update,HR,2,5,0%,MGR372,2,No,Done,Good team engagement,Google Docs
347,EMP74,10/14/2025,Code feature,"2,1",2,Low,2,Calm,5,Client Dashboard,QA,2,0,0%,MGR421,4,Yes,Ongoing,Needed extra research,"VSCode, GitHub"
348,EMP84,10/06/2025,Team meeting,"2,7","2,6",Low,6,Happy,7,App QA Cycle,HR,1,2,25%,MGR419,6,No,Ongoing,Code reviewed twice,"Word, Excel"
349,EMP150,10/08/2025,Team meeting,"3,8","4,3",Low,6,Focused,10,All-Hands Sync,HR,2,0,75%,MGR316,7,No,Ongoing,UI feedback pending,"Zoom, Slack"
350,EMP86,10/07/2025,Design dashboard,"1,7","1,6",Low,3,Calm,3,New Project RFP,IT,0,4,75%,MGR381,12,Yes,Ongoing,Needed extra research,"Figma, Power BI"
351,EMP147,09/26/2025,Team meeting,"3,3","3,3",Medium,4,Tired,1,New Project RFP,Sales,0,2,25%,MGR421,12,No,Ongoing,Ready for submission,"VSCode, GitHub"
352,EMP188,10/15/2025,Write proposal,"1,7","1,5",High,3,Stressed,8,CRM Update,HR,2,4,25%,MGR385,12,Yes,Done,UI feedback pending,"VSCode, GitHub"
353,EMP98,09/30/2025,Team meeting,"3,7","3,5",Medium,3,Focused,5,App QA Cycle,Analytics,1,0,100%,MGR318,9,Yes,Ongoing,Code reviewed twice,"Figma, Power BI"
354,EMP117,10/03/2025,Team meeting,"2,5","2,5",Medium,1,Calm,3,CRM Update,HR,1,4,75%,MGR336,7,Yes,Done,Customer issue,"Zoom, Slack"
355,EMP181,09/22/2025,Team meeting,2,"2,2",Low,1,Stressed,8,All-Hands Sync,IT,0,4,25%,MGR425,14,Yes,Done,Audit scheduled,"JIRA, PyCharm"
356,EMP182,09/30/2025,Bug fixing,"1,3","1,6",Medium,4,Tired,1,Q4 Review Report,Sales,0,5,50%,MGR303,7,Yes,Done,Needed extra research,"Figma, Power BI"
357,EMP83,09/24/2025,Design dashboard,1,1,Medium,3,Calm,2,App QA Cycle,Sales,2,2,25%,MGR316,15,Yes,Delayed,Ready for submission,"JIRA, PyCharm"
358,EMP153,10/06/2025,Write proposal,"3,5","3,5",Medium,4,Calm,6,App QA Cycle,HR,0,1,75%,MGR304,5,Yes,Ongoing,Good team engagement,"VSCode, GitHub"
359,EMP25,10/05/2025,Write proposal,2,"1,8",High,1,Happy,1,App QA Cycle,HR,2,4,0%,MGR312,12,Yes,Ongoing,Needed extra research,"Word, Excel"
360,EMP196,09/20/2025,Bug fixing,3,"3,3",Medium,4,Stressed,9,All-Hands Sync,QA,2,1,25%,MGR302,6,No,Ongoing,Code reviewed twice,"Figma, Power BI"
361,EMP153,09/25/2025,Write proposal,"2,7","2,6",Low,6,Calm,7,Q4 Review Report,Sales,2,4,0%,MGR372,3,Yes,Delayed,Blocked by dependencies,Google Docs
362,EMP71,10/11/2025,Team meeting,"1,2","1,7",Low,2,Happy,7,All-Hands Sync,IT,0,4,75%,MGR353,13,No,Delayed,Blocked by dependencies,"Word, Excel"
363,EMP23,10/08/2025,Write report,"1,9","1,9",High,7,Focused,8,CRM Update,Analytics,2,0,0%,MGR365,12,Yes,Delayed,Ready for submission,"Zoom, Slack"
364,EMP138,09/18/2025,Write report,"2,7","3,2",High,7,Stressed,5,All-Hands Sync,HR,1,5,0%,MGR324,15,Yes,Done,Good team engagement,"Figma, Power BI"
365,EMP185,09/22/2025,Team meeting,"3,3","3,2",Medium,4,Focused,5,Client Dashboard,Analytics,1,2,25%,MGR329,8,No,Delayed,Ready for submission,"JIRA, PyCharm"
366,EMP196,10/14/2025,Bug fixing,"3,3","3,2",Medium,6,Calm,2,CRM Update,Analytics,0,0,75%,MGR423,14,No,Done,Audit scheduled,"JIRA, PyCharm"
367,EMP111,10/06/2025,Write report,"1,3","1,4",Low,7,Calm,8,App QA Cycle,Analytics,1,3,0%,MGR316,6,No,Done,Revision requested,"Figma, Power BI"
368,EMP167,10/10/2025,Write proposal,"3,9","3,7",High,6,Happy,9,New Project RFP,Sales,0,3,25%,MGR423,7,No,Done,Revision requested,Google Docs
369,EMP33,09/17/2025,Design dashboard,"2,6","3,1",High,5,Tired,8,CRM Update,Analytics,1,2,25%,MGR384,6,Yes,Ongoing,Blocked by dependencies,Google Docs
370,EMP184,09/29/2025,Bug fixing,"3,2","3,7",High,1,Tired,8,New Project RFP,QA,0,3,75%,MGR380,3,No,Ongoing,Needed extra research,"Word, Excel"
371,EMP123,09/30/2025,Write report,"2,1","2,2",Low,5,Stressed,2,New Project RFP,Sales,2,2,100%,MGR352,12,No,Delayed,UI feedback pending,"Word, Excel"
372,EMP77,10/14/2025,Bug fixing,"3,9","3,9",Medium,5,Focused,10,App QA Cycle,HR,2,3,0%,MGR324,14,Yes,Done,UI feedback pending,"Zoom, Slack"
373,EMP182,10/17/2025,Team meeting,"3,3","3,6",Low,5,Happy,2,Q4 Review Report,IT,1,1,75%,MGR327,6,Yes,Done,Code reviewed twice,"JIRA, PyCharm"
374,EMP75,10/01/2025,Code feature,"3,6","3,4",Low,3,Stressed,7,Q4 Review Report,Sales,0,3,75%,MGR429,4,No,Done,Revision requested,"Figma, Power BI"
375,EMP32,10/04/2025,Bug fixing,"1,3","1,8",Low,4,Focused,3,Client Dashboard,Sales,0,5,25%,MGR326,8,No,Ongoing,Follow up required,"JIRA, PyCharm"
376,EMP175,10/16/2025,Design dashboard,"1,7","1,7",High,3,Tired,6,All-Hands Sync,QA,0,1,75%,MGR376,15,No,Ongoing,Revision requested,"Figma, Power BI"
377,EMP75,09/23/2025,Code feature,"3,5","3,6",Low,6,Happy,6,Client Dashboard,IT,2,5,25%,MGR428,10,No,Ongoing,Code reviewed twice,"Zoom, Slack"
378,EMP163,10/02/2025,Write proposal,"1,4","1,9",Low,6,Tired,9,All-Hands Sync,QA,0,4,0%,MGR306,8,Yes,Done,Needed extra research,"VSCode, GitHub"
379,EMP88,10/11/2025,Code feature,"1,3","1,5",Medium,6,Happy,3,Q4 Review Report,HR,0,4,0%,MGR391,15,No,Done,Audit scheduled,"Figma, Power BI"
380,EMP163,10/14/2025,Code feature,"2,7","3,2",Low,6,Focused,7,CRM Update,Sales,2,2,0%,MGR397,8,No,Ongoing,UI feedback pending,Google Docs
381,EMP33,09/17/2025,Design dashboard,"2,1","2,4",Medium,2,Focused,8,CRM Update,HR,2,4,100%,MGR350,14,Yes,Delayed,Customer issue,"VSCode, GitHub"
382,EMP194,09/19/2025,Code feature,"1,7","1,6",High,6,Focused,2,App QA Cycle,Analytics,1,2,100%,MGR367,4,Yes,Ongoing,Ready for submission,"Word, Excel"
383,EMP104,10/01/2025,Design dashboard,4,"4,3",High,1,Calm,6,New Project RFP,Analytics,2,4,50%,MGR425,14,No,Done,UI feedback pending,Google Docs
384,EMP76,10/17/2025,Code feature,"2,1","2,4",Low,1,Focused,3,App QA Cycle,Sales,2,3,0%,MGR389,5,Yes,Ongoing,UI feedback pending,"Zoom, Slack"
385,EMP112,09/26/2025,Code feature,"1,3","1,8",Low,5,Tired,9,Client Dashboard,Analytics,0,5,50%,MGR414,5,Yes,Done,UI feedback pending,"JIRA, PyCharm"
386,EMP49,09/29/2025,Team meeting,"2,1",2,Low,6,Happy,1,New Project RFP,HR,2,4,75%,MGR424,2,No,Ongoing,Blocked by dependencies,"Zoom, Slack"
387,EMP151,09/19/2025,Write report,"2,3","2,4",High,7,Focused,9,Q4 Review Report,Analytics,0,5,25%,MGR408,15,Yes,Done,Revision requested,"Figma, Power BI"
388,EMP131,10/07/2025,Write report,2,"1,8",Low,6,Calm,1,App QA Cycle,HR,0,0,0%,MGR313,4,No,Ongoing,Code reviewed twice,Google Docs
389,EMP78,10/16/2025,Team meeting,"2,5",3,Medium,4,Tired,7,App QA Cycle,HR,0,3,0%,MGR301,12,Yes,Ongoing,Audit scheduled,"Word, Excel"
390,EMP199,10/14/2025,Write report,"2,2",2,Medium,5,Stressed,5,Client Dashboard,HR,2,0,50%,MGR412,8,No,Ongoing,Needed extra research,"JIRA, PyCharm"
391,EMP60,10/04/2025,Code feature,"1,2","1,5",High,6,Tired,9,All-Hands Sync,IT,1,5,50%,MGR302,10,Yes,Done,Needed extra research,"Word, Excel"
392,EMP166,10/06/2025,Bug fixing,"3,3","3,2",Low,5,Stressed,5,CRM Update,HR,0,3,100%,MGR336,4,Yes,Done,Audit scheduled,"Zoom, Slack"
393,EMP69,09/20/2025,Code feature,"2,9","2,9",Low,7,Focused,1,New Project RFP,QA,2,4,0%,MGR374,12,Yes,Delayed,Code reviewed twice,"VSCode, GitHub"
394,EMP168,10/02/2025,Team meeting,3,"3,3",Medium,2,Calm,2,All-Hands Sync,Sales,0,1,50%,MGR424,9,No,Ongoing,Ready for submission,"Figma, Power BI"
395,EMP169,09/21/2025,Write proposal,"3,9","3,8",Low,3,Happy,7,CRM Update,Analytics,1,1,25%,MGR411,6,No,Done,UI feedback pending,"JIRA, PyCharm"
396,EMP138,10/01/2025,Team meeting,"2,4","2,4",Medium,4,Focused,2,CRM Update,Sales,0,2,25%,MGR350,6,Yes,Ongoing,Code reviewed twice,"Word, Excel"
397,EMP149,10/07/2025,Write report,"3,6","3,4",Low,5,Tired,10,CRM Update,Analytics,2,2,100%,MGR420,12,Yes,Delayed,Follow up required,"VSCode, GitHub"
398,EMP170,10/10/2025,Team meeting,"2,3","2,4",High,4,Focused,9,Q4 Review Report,QA,1,4,0%,MGR361,15,Yes,Ongoing,Good team engagement,"JIRA, PyCharm"
399,EMP60,09/22/2025,Write proposal,1,"1,5",Low,6,Calm,8,All-Hands Sync,Analytics,0,3,25%,MGR316,6,No,Done,Needed extra research,"Figma, Power BI"
400,EMP72,10/03/2025,Team meeting,"1,1","1,6",Medium,4,Tired,1,Q4 Review Report,HR,0,5,100%,MGR370,15,No,Ongoing,Revision requested,Google Docs
401,EMP64,09/29/2025,Design dashboard,"1,1","1,6",Medium,3,Focused,2,New Project RFP,HR,1,1,100%,MGR403,7,No,Delayed,Customer issue,Google Docs
402,EMP21,10/03/2025,Code feature,4,"4,5",Medium,2,Calm,2,New Project RFP,HR,0,1,25%,MGR340,7,Yes,Ongoing,Blocked by dependencies,"JIRA, PyCharm"
403,EMP104,10/10/2025,Write report,"1,8",2,Medium,6,Tired,8,CRM Update,Sales,0,5,75%,MGR305,5,Yes,Done,Audit scheduled,Google Docs
404,EMP61,09/21/2025,Design dashboard,"3,9",4,Low,1,Focused,3,Q4 Review Report,IT,1,1,100%,MGR403,11,Yes,Ongoing,Ready for submission,"Word, Excel"
405,EMP75,10/01/2025,Write proposal,"1,5","1,5",Medium,7,Tired,3,CRM Update,QA,2,1,100%,MGR346,11,No,Done,UI feedback pending,"JIRA, PyCharm"
406,EMP172,10/05/2025,Write report,"3,1",3,High,4,Tired,3,Q4 Review Report,Analytics,0,4,100%,MGR407,15,Yes,Ongoing,Code reviewed twice,"VSCode, GitHub"
407,EMP141,10/15/2025,Write proposal,4,"3,8",Low,1,Focused,9,Q4 Review Report,Analytics,1,5,25%,MGR300,14,No,Ongoing,Follow up required,"Zoom, Slack"
408,EMP31,10/09/2025,Write proposal,"2,8","2,7",Medium,2,Tired,7,All-Hands Sync,Sales,2,5,100%,MGR325,8,Yes,Delayed,Customer issue,"VSCode, GitHub"
409,EMP41,09/26/2025,Write proposal,"1,1","1,4",Low,4,Happy,4,Q4 Review Report,Analytics,2,4,0%,MGR301,8,Yes,Ongoing,UI feedback pending,"JIRA, PyCharm"
410,EMP112,09/20/2025,Code feature,"3,9","3,7",Medium,6,Focused,5,All-Hands Sync,Sales,1,4,50%,MGR370,12,No,Done,Follow up required,Google Docs
411,EMP162,10/02/2025,Code feature,"2,4","2,7",Medium,5,Focused,8,All-Hands Sync,HR,2,2,75%,MGR335,15,Yes,Ongoing,Blocked by dependencies,"JIRA, PyCharm"
412,EMP199,10/17/2025,Code feature,2,"2,1",High,2,Focused,7,All-Hands Sync,Sales,2,5,0%,MGR341,8,Yes,Done,Good team engagement,"JIRA, PyCharm"
413,EMP173,09/30/2025,Write report,"1,6","1,7",High,3,Calm,6,Q4 Review Report,Sales,0,5,75%,MGR402,11,No,Ongoing,Audit scheduled,"Word, Excel"
414,EMP64,10/07/2025,Bug fixing,"2,2","2,5",Medium,1,Calm,9,All-Hands Sync,IT,0,4,100%,MGR359,11,Yes,Ongoing,Needed extra research,"Zoom, Slack"
415,EMP81,10/07/2025,Write report,"2,8","3,1",High,1,Happy,7,All-Hands Sync,QA,1,4,25%,MGR303,13,Yes,Done,Revision requested,"Zoom, Slack"
416,EMP163,10/16/2025,Write proposal,"2,1","2,4",Medium,3,Happy,4,New Project RFP,IT,1,3,100%,MGR301,6,Yes,Delayed,Revision requested,"Word, Excel"
417,EMP163,09/19/2025,Write proposal,4,"3,8",Medium,3,Stressed,9,All-Hands Sync,Sales,2,2,75%,MGR396,11,No,Done,UI feedback pending,"JIRA, PyCharm"
418,EMP194,10/01/2025,Write proposal,"1,1","1,1",High,4,Stressed,5,Q4 Review Report,QA,2,1,25%,MGR380,8,No,Ongoing,Revision requested,"Word, Excel"
419,EMP199,10/13/2025,Team meeting,"1,9","2,2",High,3,Stressed,7,Client Dashboard,HR,0,4,25%,MGR421,7,No,Done,Audit scheduled,"Zoom, Slack"
420,EMP66,10/17/2025,Design dashboard,"2,8","3,3",Low,2,Tired,4,CRM Update,IT,1,1,25%,MGR351,15,Yes,Ongoing,UI feedback pending,"VSCode, GitHub"
421,EMP47,09/20/2025,Write report,"1,4","1,6",Low,6,Tired,10,Q4 Review Report,Sales,0,3,50%,MGR380,9,No,Delayed,Good team engagement,Google Docs
422,EMP91,09/29/2025,Code feature,"3,5","3,6",Low,2,Stressed,9,App QA Cycle,QA,2,0,100%,MGR388,8,Yes,Delayed,Code reviewed twice,"Figma, Power BI"
423,EMP152,10/01/2025,Team meeting,"2,2","2,7",Low,1,Stressed,4,App QA Cycle,Sales,0,2,50%,MGR366,4,No,Done,Ready for submission,"JIRA, PyCharm"
424,EMP176,09/27/2025,Team meeting,"2,8","2,9",High,4,Tired,4,App QA Cycle,HR,1,3,50%,MGR415,4,Yes,Ongoing,Blocked by dependencies,"Word, Excel"
425,EMP89,10/12/2025,Code feature,"1,2",1,Low,4,Tired,4,CRM Update,IT,1,0,25%,MGR407,9,Yes,Ongoing,Revision requested,Google Docs
426,EMP100,10/12/2025,Bug fixing,"3,6","4,1",Medium,3,Focused,10,Q4 Review Report,QA,0,5,25%,MGR315,5,No,Delayed,Code reviewed twice,"JIRA, PyCharm"
427,EMP105,09/25/2025,Team meeting,"1,5","1,5",Medium,5,Focused,5,All-Hands Sync,Analytics,1,0,50%,MGR350,11,Yes,Delayed,UI feedback pending,"Zoom, Slack"
428,EMP192,10/03/2025,Bug fixing,"3,3","3,4",Low,4,Stressed,7,New Project RFP,HR,1,5,25%,MGR342,12,No,Delayed,Audit scheduled,Google Docs
429,EMP123,10/14/2025,Write report,4,4,High,2,Happy,4,All-Hands Sync,HR,2,2,50%,MGR401,6,No,Delayed,Audit scheduled,Google Docs
430,EMP135,09/30/2025,Code feature,"2,1","2,2",High,7,Stressed,3,Client Dashboard,IT,2,2,0%,MGR353,4,No,Done,Code reviewed twice,"Word, Excel"
431,EMP141,10/04/2025,Write report,"2,1","1,9",High,7,Tired,9,Q4 Review Report,Analytics,1,4,25%,MGR321,12,No,Delayed,Blocked by dependencies,"VSCode, GitHub"
432,EMP92,10/01/2025,Design dashboard,"3,5","3,5",High,2,Focused,3,Q4 Review Report,Analytics,2,2,50%,MGR421,9,No,Ongoing,Customer issue,"VSCode, GitHub"
433,EMP198,10/04/2025,Code feature,"3,5","3,6",Low,5,Tired,10,App QA Cycle,Sales,2,5,100%,MGR379,7,No,Ongoing,Blocked by dependencies,"Word, Excel"
434,EMP133,09/26/2025,Team meeting,"1,1",1,Medium,3,Calm,5,Q4 Review Report,Analytics,2,1,50%,MGR373,9,Yes,Ongoing,Customer issue,"JIRA, PyCharm"
435,EMP96,09/17/2025,Bug fixing,"1,8","1,7",Medium,5,Calm,1,New Project RFP,HR,0,3,100%,MGR411,8,Yes,Done,Follow up required,"JIRA, PyCharm"
436,EMP76,09/25/2025,Write report,"3,6","3,6",Medium,6,Calm,9,New Project RFP,HR,1,5,100%,MGR368,8,Yes,Done,Good team engagement,"VSCode, GitHub"
437,EMP94,09/20/2025,Design dashboard,"2,6","3,1",Medium,5,Tired,5,Client Dashboard,Sales,1,1,50%,MGR304,4,Yes,Ongoing,Needed extra research,"VSCode, GitHub"
438,EMP46,09/26/2025,Team meeting,4,"4,5",High,6,Tired,1,CRM Update,Analytics,0,0,75%,MGR355,7,No,Delayed,Customer issue,"Zoom, Slack"
439,EMP138,10/09/2025,Write report,"2,8","3,3",Medium,1,Calm,1,All-Hands Sync,QA,0,4,75%,MGR346,5,No,Delayed,Needed extra research,"Word, Excel"
440,EMP83,09/29/2025,Bug fixing,"3,8","3,9",High,6,Stressed,4,App QA Cycle,Analytics,2,5,25%,MGR421,8,No,Delayed,Good team engagement,"Figma, Power BI"
441,EMP30,10/10/2025,Write proposal,"2,1","2,6",Low,1,Happy,8,Client Dashboard,HR,0,2,0%,MGR355,3,Yes,Ongoing,Follow up required,"Zoom, Slack"
442,EMP23,09/22/2025,Team meeting,"2,4","2,2",Low,1,Tired,4,Q4 Review Report,Analytics,2,5,75%,MGR339,7,Yes,Done,Good team engagement,"JIRA, PyCharm"
443,EMP43,10/08/2025,Write proposal,"1,8","2,3",Medium,7,Stressed,1,All-Hands Sync,IT,2,4,0%,MGR332,9,Yes,Delayed,Revision requested,"Figma, Power BI"
444,EMP108,10/12/2025,Bug fixing,"2,8","2,6",Low,2,Stressed,7,All-Hands Sync,IT,1,0,75%,MGR412,10,No,Ongoing,Customer issue,"VSCode, GitHub"
445,EMP165,09/22/2025,Write proposal,"3,6","3,7",Medium,3,Tired,5,New Project RFP,Sales,0,0,100%,MGR339,9,No,Delayed,Revision requested,"Zoom, Slack"
446,EMP136,09/17/2025,Design dashboard,"2,1",2,Low,4,Calm,1,New Project RFP,HR,2,1,50%,MGR316,12,No,Done,Revision requested,"Figma, Power BI"
447,EMP147,10/11/2025,Write proposal,3,"3,1",High,5,Happy,6,App QA Cycle,HR,0,0,100%,MGR317,2,Yes,Done,Needed extra research,"VSCode, GitHub"
448,EMP47,10/02/2025,Code feature,"2,4","2,6",High,1,Focused,7,Client Dashboard,QA,2,4,100%,MGR365,2,No,Done,Audit scheduled,"Figma, Power BI"
449,EMP38,09/17/2025,Code feature,"2,6","2,9",Low,4,Stressed,8,Client Dashboard,Analytics,1,4,75%,MGR394,14,Yes,Ongoing,Ready for submission,Google Docs
450,EMP30,10/10/2025,Write report,"3,4","3,7",Medium,1,Calm,9,Q4 Review Report,Analytics,2,1,100%,MGR398,5,Yes,Ongoing,Blocked by dependencies,Google Docs
451,EMP180,10/17/2025,Code feature,"2,7","2,5",Low,6,Focused,7,Client Dashboard,Analytics,2,4,50%,MGR417,13,No,Done,Good team engagement,"VSCode, GitHub"
452,EMP160,09/29/2025,Write proposal,"3,4","3,4",Medium,6,Calm,9,New Project RFP,QA,1,2,100%,MGR383,15,No,Delayed,Follow up required,"Figma, Power BI"
453,EMP102,10/06/2025,Code feature,"1,4","1,3",Low,5,Calm,7,New Project RFP,HR,1,3,75%,MGR401,2,Yes,Delayed,Audit scheduled,"Word, Excel"
454,EMP152,09/21/2025,Team meeting,"2,3","2,8",High,3,Calm,4,All-Hands Sync,Analytics,2,2,100%,MGR430,10,Yes,Done,Needed extra research,"JIRA, PyCharm"
455,EMP111,09/21/2025,Code feature,"2,9",3,Medium,3,Focused,4,CRM Update,HR,1,0,100%,MGR402,11,Yes,Ongoing,Code reviewed twice,"Figma, Power BI"
456,EMP103,10/12/2025,Bug fixing,"3,4","3,3",High,4,Focused,2,New Project RFP,HR,0,5,100%,MGR397,3,Yes,Delayed,UI feedback pending,"JIRA, PyCharm"
457,EMP126,10/16/2025,Write report,"1,4","1,7",High,6,Focused,1,Client Dashboard,QA,0,2,100%,MGR310,7,Yes,Delayed,Revision requested,"Figma, Power BI"
458,EMP76,09/21/2025,Write report,"3,9",4,Low,6,Tired,8,New Project RFP,Sales,2,0,25%,MGR410,6,No,Done,Good team engagement,"Zoom, Slack"
459,EMP41,10/02/2025,Write proposal,"2,8","2,6",Low,1,Focused,7,All-Hands Sync,Analytics,1,4,75%,MGR333,14,Yes,Delayed,Revision requested,"VSCode, GitHub"
460,EMP144,09/29/2025,Design dashboard,"2,7","2,9",Low,2,Focused,10,Client Dashboard,Sales,0,1,0%,MGR368,14,No,Delayed,Audit scheduled,"Word, Excel"
461,EMP48,10/08/2025,Bug fixing,"3,7",4,Medium,3,Happy,4,All-Hands Sync,HR,2,5,0%,MGR378,4,No,Ongoing,Customer issue,Google Docs
462,EMP57,10/01/2025,Write report,"2,6","2,6",High,2,Happy,3,Client Dashboard,Analytics,0,5,0%,MGR362,11,Yes,Delayed,Needed extra research,"Zoom, Slack"
463,EMP197,10/12/2025,Write report,"3,4","3,7",Medium,4,Tired,1,All-Hands Sync,IT,2,4,25%,MGR352,10,No,Ongoing,Customer issue,Google Docs
464,EMP56,10/09/2025,Design dashboard,"1,9",2,Low,1,Tired,10,Client Dashboard,Sales,0,2,25%,MGR315,6,Yes,Ongoing,Audit scheduled,"Zoom, Slack"
465,EMP33,10/01/2025,Design dashboard,"3,6","4,1",High,1,Tired,5,Client Dashboard,HR,0,0,50%,MGR398,5,No,Ongoing,Code reviewed twice,"Zoom, Slack"
466,EMP144,10/14/2025,Write proposal,"3,4","3,5",Low,1,Calm,4,New Project RFP,QA,2,5,0%,MGR310,5,No,Delayed,Customer issue,"JIRA, PyCharm"
467,EMP60,09/17/2025,Team meeting,"3,8","3,9",Low,3,Happy,5,CRM Update,Sales,1,0,50%,MGR399,15,Yes,Ongoing,Ready for submission,"VSCode, GitHub"
468,EMP58,09/27/2025,Bug fixing,"3,3","3,6",Low,2,Stressed,7,New Project RFP,Sales,2,5,25%,MGR406,5,Yes,Delayed,Ready for submission,Google Docs
469,EMP104,10/01/2025,Write proposal,"2,4","2,5",High,2,Calm,10,New Project RFP,IT,0,2,100%,MGR334,8,Yes,Ongoing,Audit scheduled,"VSCode, GitHub"
470,EMP101,09/19/2025,Write proposal,"2,9",3,Low,6,Stressed,3,All-Hands Sync,IT,2,0,50%,MGR405,8,No,Delayed,Ready for submission,"VSCode, GitHub"
471,EMP68,09/20/2025,Code feature,2,"2,2",High,1,Focused,10,All-Hands Sync,Sales,2,4,25%,MGR359,5,Yes,Delayed,Code reviewed twice,"Figma, Power BI"
472,EMP142,09/21/2025,Write proposal,"2,7","2,9",Low,4,Happy,3,App QA Cycle,QA,1,1,25%,MGR349,5,Yes,Delayed,Needed extra research,"Zoom, Slack"
473,EMP125,09/24/2025,Design dashboard,"1,2","1,2",Low,2,Calm,2,CRM Update,QA,2,3,50%,MGR417,5,No,Delayed,Needed extra research,Google Docs
474,EMP117,10/10/2025,Team meeting,"2,4","2,3",Medium,5,Focused,10,New Project RFP,Sales,2,5,0%,MGR327,9,No,Done,Blocked by dependencies,Google Docs
475,EMP157,09/29/2025,Design dashboard,"2,2","2,5",High,5,Tired,9,Client Dashboard,Analytics,0,2,75%,MGR401,6,No,Delayed,Good team engagement,"JIRA, PyCharm"
476,EMP95,10/06/2025,Write report,"1,5","1,5",Low,5,Calm,8,Client Dashboard,QA,0,5,100%,MGR328,4,Yes,Delayed,Follow up required,"Zoom, Slack"
477,EMP135,09/17/2025,Code feature,"3,7","3,9",Medium,5,Calm,8,Q4 Review Report,HR,1,5,25%,MGR331,3,Yes,Ongoing,Customer issue,"Figma, Power BI"
478,EMP112,09/19/2025,Write proposal,"2,5","2,6",Low,4,Focused,10,CRM Update,QA,2,3,0%,MGR343,7,Yes,Done,Good team engagement,"VSCode, GitHub"
479,EMP33,09/30/2025,Team meeting,"2,8",3,Medium,6,Tired,5,Client Dashboard,IT,0,1,25%,MGR300,11,No,Done,Customer issue,"JIRA, PyCharm"
480,EMP147,10/04/2025,Write report,"1,1","1,6",Low,4,Calm,4,New Project RFP,QA,1,3,75%,MGR320,11,Yes,Done,Revision requested,"Zoom, Slack"
481,EMP178,10/07/2025,Write proposal,2,"2,1",High,1,Calm,3,Q4 Review Report,HR,0,1,0%,MGR376,7,Yes,Done,Code reviewed twice,"JIRA, PyCharm"
482,EMP65,09/22/2025,Design dashboard,"1,5",2,Medium,5,Focused,10,New Project RFP,IT,1,5,100%,MGR392,2,Yes,Delayed,UI feedback pending,"Zoom, Slack"
483,EMP117,10/13/2025,Write report,"2,6","3,1",Medium,7,Focused,2,All-Hands Sync,QA,0,0,50%,MGR384,10,No,Ongoing,Blocked by dependencies,"Figma, Power BI"
484,EMP73,10/06/2025,Write report,"2,4","2,5",High,5,Focused,2,App QA Cycle,Sales,2,2,75%,MGR381,6,No,Done,Audit scheduled,Google Docs
485,EMP147,10/03/2025,Design dashboard,"3,7","3,7",Low,4,Tired,3,New Project RFP,IT,2,2,25%,MGR300,3,Yes,Delayed,Code reviewed twice,"Figma, Power BI"
486,EMP73,10/12/2025,Write proposal,"2,5",3,Medium,4,Stressed,6,All-Hands Sync,Sales,2,1,0%,MGR351,13,No,Delayed,Code reviewed twice,"Zoom, Slack"
487,EMP96,10/03/2025,Write proposal,2,"2,1",Medium,7,Stressed,2,Client Dashboard,HR,1,3,100%,MGR307,15,Yes,Done,UI feedback pending,"Zoom, Slack"
488,EMP192,10/02/2025,Bug fixing,"3,4","3,4",High,6,Calm,8,CRM Update,QA,2,2,75%,MGR405,13,Yes,Ongoing,Ready for submission,Google Docs
489,EMP193,09/27/2025,Write proposal,"3,1","2,9",Low,1,Calm,10,Client Dashboard,HR,1,0,25%,MGR371,15,Yes,Delayed,Follow up required,"Figma, Power BI"
490,EMP156,10/13/2025,Code feature,"1,5",2,Low,5,Tired,3,New Project RFP,Analytics,1,5,50%,MGR308,6,No,Done,Customer issue,"VSCode, GitHub"
491,EMP115,10/01/2025,Team meeting,1,"1,3",High,5,Happy,3,Q4 Review Report,HR,0,1,0%,MGR413,10,Yes,Delayed,Revision requested,"VSCode, GitHub"
492,EMP68,09/27/2025,Bug fixing,"3,4","3,4",Low,7,Focused,5,All-Hands Sync,IT,0,4,25%,MGR352,13,Yes,Delayed,Follow up required,"Figma, Power BI"
493,EMP153,09/20/2025,Write report,"2,8","3,1",Medium,1,Focused,2,All-Hands Sync,QA,0,0,100%,MGR379,2,No,Ongoing,Blocked by dependencies,"Zoom, Slack"
494,EMP71,09/23/2025,Team meeting,"1,6","1,5",Medium,5,Happy,8,Client Dashboard,Analytics,1,1,25%,MGR370,3,Yes,Ongoing,Revision requested,Google Docs
495,EMP46,09/23/2025,Write proposal,"3,8","3,6",Medium,5,Happy,5,CRM Update,HR,2,1,25%,MGR318,6,No,Ongoing,Customer issue,"Word, Excel"
496,EMP53,09/17/2025,Bug fixing,"2,9","2,8",Low,1,Stressed,7,Q4 Review Report,Analytics,1,3,25%,MGR414,11,No,Delayed,UI feedback pending,"VSCode, GitHub"
497,EMP191,10/12/2025,Write proposal,"2,6","2,7",High,7,Tired,10,CRM Update,Analytics,2,3,0%,MGR416,6,No,Delayed,Blocked by dependencies,"VSCode, GitHub"
498,EMP56,10/14/2025,Write proposal,"3,2",3,Medium,3,Tired,3,Client Dashboard,HR,1,3,75%,MGR307,3,No,Done,UI feedback pending,"JIRA, PyCharm"
499,EMP138,10/14/2025,Code feature,"1,4","1,6",Medium,7,Happy,10,New Project RFP,IT,2,0,75%,MGR327,7,Yes,Delayed,Revision requested,"JIRA, PyCharm"
500,EMP122,10/05/2025,Bug fixing,"3,1",3,High,5,Calm,9,CRM Update,QA,1,0,50%,MGR353,15,No,Delayed,Audit scheduled,"Zoom, Slack"
501,EMP159,10/09/2025,Code feature,"3,5","3,7",High,6,Stressed,10,App QA Cycle,Analytics,2,4,75%,MGR383,10,Yes,Delayed,Good team engagement,"Zoom, Slack"
502,EMP123,09/19/2025,Write proposal,"2,6","3,1",High,6,Focused,7,All-Hands Sync,QA,2,5,0%,MGR323,5,Yes,Ongoing,Needed extra research,"VSCode, GitHub"
503,EMP189,09/21/2025,Bug fixing,"3,6","3,4",Low,3,Tired,10,New Project RFP,QA,0,1,50%,MGR376,11,No,Delayed,UI feedback pending,"Word, Excel"
504,EMP169,09/17/2025,Write proposal,"2,6","2,5",Low,4,Calm,5,Q4 Review Report,HR,2,0,0%,MGR391,3,No,Done,Blocked by dependencies,"JIRA, PyCharm"
505,EMP199,10/05/2025,Bug fixing,"1,3","1,2",Low,3,Tired,7,App QA Cycle,QA,2,1,25%,MGR421,4,Yes,Ongoing,Follow up required,"Zoom, Slack"
506,EMP126,09/21/2025,Team meeting,"2,1","2,2",Low,2,Calm,1,Q4 Review Report,Analytics,0,5,75%,MGR411,4,Yes,Done,Follow up required,"JIRA, PyCharm"
507,EMP198,10/06/2025,Bug fixing,"2,7","2,7",Low,2,Tired,9,App QA Cycle,Sales,1,3,50%,MGR357,4,No,Ongoing,Needed extra research,Google Docs
508,EMP147,10/14/2025,Design dashboard,"1,6","1,7",High,6,Focused,5,App QA Cycle,Sales,2,2,0%,MGR309,11,No,Ongoing,UI feedback pending,"Word, Excel"
509,EMP168,10/02/2025,Design dashboard,"2,6","2,6",High,2,Focused,5,App QA Cycle,Sales,0,4,100%,MGR322,5,No,Ongoing,Code reviewed twice,"Figma, Power BI"
510,EMP182,10/04/2025,Write proposal,"3,7",4,Medium,5,Stressed,6,New Project RFP,Analytics,1,3,100%,MGR420,11,No,Delayed,UI feedback pending,"Zoom, Slack"
511,EMP94,09/22/2025,Write report,"2,4","2,5",Low,5,Happy,10,All-Hands Sync,Analytics,2,3,100%,MGR343,11,Yes,Ongoing,Ready for submission,"Figma, Power BI"
512,EMP179,09/17/2025,Team meeting,"3,4","3,9",Medium,1,Calm,9,Q4 Review Report,HR,1,1,100%,MGR371,6,No,Done,Code reviewed twice,Google Docs
513,EMP64,10/16/2025,Write proposal,"2,4","2,7",Low,2,Tired,6,CRM Update,HR,2,1,75%,MGR346,14,Yes,Delayed,Code reviewed twice,"VSCode, GitHub"
514,EMP172,10/16/2025,Code feature,"2,6","2,7",Medium,7,Tired,7,CRM Update,QA,2,5,25%,MGR353,11,No,Done,Ready for submission,"Word, Excel"
515,EMP33,09/22/2025,Bug fixing,"2,7","2,7",Medium,4,Happy,8,Client Dashboard,Sales,0,3,75%,MGR421,6,Yes,Ongoing,Follow up required,"Word, Excel"
516,EMP93,10/16/2025,Bug fixing,"2,7","2,8",Medium,6,Happy,9,Client Dashboard,Analytics,0,4,50%,MGR410,11,No,Delayed,Ready for submission,"Zoom, Slack"
517,EMP45,09/25/2025,Design dashboard,"1,9","1,7",Low,4,Tired,4,Client Dashboard,Sales,0,4,50%,MGR346,7,Yes,Ongoing,Needed extra research,"Word, Excel"
518,EMP23,09/30/2025,Write report,"3,7","3,8",Low,1,Tired,6,CRM Update,HR,1,1,0%,MGR306,11,Yes,Done,Audit scheduled,"Figma, Power BI"
519,EMP75,10/17/2025,Write proposal,"1,7","1,9",Low,1,Stressed,2,New Project RFP,IT,1,5,100%,MGR347,3,Yes,Delayed,Ready for submission,"JIRA, PyCharm"
520,EMP189,10/16/2025,Write report,4,"4,5",Low,4,Happy,7,Client Dashboard,HR,1,1,0%,MGR370,14,Yes,Delayed,Follow up required,"Zoom, Slack"
521,EMP35,09/25/2025,Team meeting,"3,8","4,3",High,4,Stressed,8,CRM Update,Sales,1,1,75%,MGR327,4,No,Done,Audit scheduled,"Figma, Power BI"
522,EMP47,10/16/2025,Bug fixing,"1,3","1,1",Low,3,Stressed,1,Q4 Review Report,Analytics,2,5,50%,MGR414,2,No,Done,Needed extra research,"Word, Excel"
523,EMP190,09/29/2025,Team meeting,"2,1","2,4",High,6,Happy,7,New Project RFP,Analytics,2,5,75%,MGR422,8,No,Ongoing,Code reviewed twice,Google Docs
524,EMP77,09/17/2025,Bug fixing,"3,6","3,4",Low,7,Tired,2,New Project RFP,Sales,1,2,50%,MGR402,2,Yes,Delayed,Revision requested,"Zoom, Slack"
525,EMP40,10/13/2025,Bug fixing,"1,9","1,8",Medium,6,Calm,3,New Project RFP,Analytics,1,5,25%,MGR376,13,No,Done,UI feedback pending,"JIRA, PyCharm"
526,EMP41,10/15/2025,Design dashboard,"1,2","1,2",Medium,6,Calm,3,Q4 Review Report,IT,0,5,100%,MGR361,9,No,Done,Revision requested,"Figma, Power BI"
527,EMP98,10/02/2025,Write proposal,"1,2","1,4",Medium,1,Stressed,6,Q4 Review Report,HR,2,0,75%,MGR330,5,No,Ongoing,Revision requested,"VSCode, GitHub"
528,EMP168,09/24/2025,Write report,"1,1","1,6",High,6,Calm,8,Client Dashboard,Analytics,1,4,0%,MGR362,13,Yes,Done,Good team engagement,"Figma, Power BI"
529,EMP32,10/15/2025,Team meeting,"3,9","3,8",High,4,Focused,3,New Project RFP,Analytics,0,0,75%,MGR356,3,Yes,Delayed,UI feedback pending,"Figma, Power BI"
530,EMP193,09/29/2025,Team meeting,"3,7",4,High,6,Focused,9,CRM Update,HR,0,0,100%,MGR344,7,Yes,Done,Ready for submission,"VSCode, GitHub"
531,EMP126,09/22/2025,Design dashboard,"3,9","4,2",Medium,5,Calm,8,CRM Update,Sales,0,1,0%,MGR396,14,Yes,Done,Customer issue,"Word, Excel"
532,EMP21,09/17/2025,Code feature,1,1,High,6,Focused,5,App QA Cycle,QA,2,1,25%,MGR336,12,No,Ongoing,Customer issue,"JIRA, PyCharm"
533,EMP81,10/17/2025,Code feature,"1,8","1,6",Low,6,Stressed,10,CRM Update,QA,2,0,50%,MGR389,8,Yes,Ongoing,Blocked by dependencies,"VSCode, GitHub"
534,EMP50,10/03/2025,Write report,3,3,Low,3,Focused,9,CRM Update,QA,2,5,25%,MGR370,2,Yes,Done,Good team engagement,"Figma, Power BI"
535,EMP141,10/02/2025,Code feature,"3,2","3,4",High,6,Stressed,1,Client Dashboard,HR,1,1,75%,MGR364,7,No,Done,Code reviewed twice,"Figma, Power BI"
536,EMP33,10/16/2025,Write proposal,"2,7","2,9",High,2,Stressed,8,New Project RFP,Analytics,0,1,75%,MGR383,8,Yes,Ongoing,UI feedback pending,"VSCode, GitHub"
537,EMP48,09/27/2025,Code feature,"3,5",4,High,2,Tired,4,App QA Cycle,IT,0,3,100%,MGR424,2,No,Done,Blocked by dependencies,Google Docs
538,EMP136,09/22/2025,Bug fixing,"1,6","1,4",Medium,2,Tired,4,Client Dashboard,HR,1,1,50%,MGR332,2,Yes,Delayed,Good team engagement,"Word, Excel"
539,EMP139,10/01/2025,Bug fixing,"3,1","3,4",High,7,Happy,4,All-Hands Sync,Sales,0,5,100%,MGR343,11,Yes,Done,Follow up required,Google Docs
540,EMP145,10/14/2025,Code feature,"2,5","2,5",Low,4,Tired,5,Q4 Review Report,QA,2,1,25%,MGR383,8,Yes,Ongoing,Good team engagement,Google Docs
541,EMP21,09/30/2025,Write report,"2,6","2,6",High,4,Focused,1,App QA Cycle,Sales,1,3,0%,MGR415,9,Yes,Done,Revision requested,"Word, Excel"
542,EMP197,10/10/2025,Bug fixing,"2,8","2,6",High,2,Happy,5,CRM Update,Analytics,0,3,50%,MGR341,13,No,Ongoing,Audit scheduled,"Word, Excel"
543,EMP136,10/01/2025,Code feature,"2,7","2,9",Low,4,Calm,6,Client Dashboard,QA,2,5,0%,MGR318,8,No,Ongoing,Needed extra research,"Zoom, Slack"
544,EMP129,10/11/2025,Team meeting,"3,8","4,3",Low,5,Focused,10,CRM Update,Analytics,2,2,0%,MGR393,2,Yes,Delayed,UI feedback pending,"JIRA, PyCharm"
545,EMP178,09/18/2025,Team meeting,"2,6","2,6",Medium,2,Focused,2,New Project RFP,IT,0,2,25%,MGR329,12,No,Ongoing,Audit scheduled,"Figma, Power BI"
546,EMP73,10/11/2025,Design dashboard,"2,1","2,2",High,3,Happy,5,New Project RFP,QA,1,0,0%,MGR395,7,No,Delayed,Revision requested,Google Docs
547,EMP51,10/02/2025,Design dashboard,"2,6","2,7",Low,6,Focused,5,App QA Cycle,Sales,1,5,0%,MGR348,9,Yes,Done,Follow up required,"VSCode, GitHub"
548,EMP93,10/17/2025,Write report,4,"4,5",High,2,Happy,2,Client Dashboard,IT,1,1,25%,MGR305,6,No,Ongoing,Revision requested,"VSCode, GitHub"
549,EMP141,09/28/2025,Bug fixing,"3,1","3,4",Medium,6,Stressed,5,CRM Update,Analytics,0,1,100%,MGR385,8,No,Ongoing,UI feedback pending,"JIRA, PyCharm"
550,EMP171,10/08/2025,Design dashboard,"1,8","2,3",Low,7,Focused,8,App QA Cycle,HR,2,1,50%,MGR343,14,No,Done,Customer issue,"Zoom, Slack"
551,EMP93,10/11/2025,Write report,1,1,High,3,Happy,8,CRM Update,Sales,0,5,100%,MGR373,4,Yes,Ongoing,Good team engagement,"VSCode, GitHub"
552,EMP80,09/20/2025,Write report,"2,8","2,6",Medium,5,Calm,8,All-Hands Sync,HR,0,1,100%,MGR308,12,No,Delayed,Good team engagement,"Zoom, Slack"
553,EMP134,10/04/2025,Code feature,"2,2",2,Low,3,Stressed,1,App QA Cycle,QA,0,3,50%,MGR339,2,No,Ongoing,Ready for submission,"JIRA, PyCharm"
554,EMP94,10/17/2025,Write proposal,"1,3","1,8",Low,2,Focused,8,All-Hands Sync,Analytics,2,3,0%,MGR335,12,Yes,Delayed,Needed extra research,"JIRA, PyCharm"
555,EMP178,10/13/2025,Code feature,"3,5","3,8",Medium,3,Stressed,6,Q4 Review Report,Sales,2,1,100%,MGR356,14,No,Done,Needed extra research,"Word, Excel"
556,EMP157,10/14/2025,Bug fixing,"2,2","2,7",Low,6,Stressed,9,App QA Cycle,IT,1,2,100%,MGR430,2,No,Delayed,Good team engagement,"Figma, Power BI"
557,EMP129,09/28/2025,Bug fixing,"3,2","3,2",Medium,1,Happy,6,All-Hands Sync,HR,1,4,0%,MGR355,13,No,Ongoing,Follow up required,"JIRA, PyCharm"
558,EMP93,09/22/2025,Design dashboard,"1,6","1,8",Medium,6,Tired,3,New Project RFP,Sales,0,1,25%,MGR377,9,No,Done,Audit scheduled,"JIRA, PyCharm"
559,EMP42,09/17/2025,Bug fixing,"1,2",1,Low,3,Tired,3,New Project RFP,QA,2,4,25%,MGR351,4,No,Delayed,Revision requested,"JIRA, PyCharm"
560,EMP30,10/13/2025,Team meeting,"1,1","1,6",Low,3,Tired,9,Client Dashboard,QA,0,0,0%,MGR339,6,No,Ongoing,Customer issue,"Word, Excel"
561,EMP187,10/08/2025,Team meeting,"1,4","1,4",Medium,2,Tired,4,Q4 Review Report,Analytics,1,3,0%,MGR392,11,No,Ongoing,Follow up required,"Zoom, Slack"
562,EMP180,10/08/2025,Bug fixing,"3,3","3,6",Low,7,Stressed,6,New Project RFP,Sales,0,2,25%,MGR314,4,No,Delayed,Good team engagement,"Zoom, Slack"
563,EMP61,09/18/2025,Team meeting,"1,5",2,Medium,4,Happy,1,All-Hands Sync,HR,2,5,0%,MGR349,14,Yes,Done,Audit scheduled,"VSCode, GitHub"
564,EMP159,09/27/2025,Team meeting,"1,6","1,8",Low,7,Happy,5,Client Dashboard,HR,0,4,100%,MGR390,15,Yes,Done,Good team engagement,Google Docs
565,EMP92,09/28/2025,Bug fixing,3,"3,1",Medium,3,Calm,2,CRM Update,IT,2,1,25%,MGR329,8,No,Done,Code reviewed twice,"VSCode, GitHub"
566,EMP24,10/02/2025,Team meeting,"3,7","3,7",Medium,6,Happy,3,App QA Cycle,Sales,2,2,25%,MGR377,2,Yes,Done,Good team engagement,"Figma, Power BI"
567,EMP56,10/09/2025,Code feature,"3,6","3,6",Medium,2,Calm,3,Q4 Review Report,QA,2,0,0%,MGR304,14,No,Delayed,Needed extra research,"VSCode, GitHub"
568,EMP47,09/18/2025,Design dashboard,3,"2,9",Low,5,Stressed,8,Q4 Review Report,HR,0,0,50%,MGR302,14,Yes,Done,Audit scheduled,"VSCode, GitHub"
569,EMP170,10/15/2025,Code feature,"3,1","3,3",High,6,Happy,1,Q4 Review Report,IT,2,2,100%,MGR389,7,Yes,Ongoing,Audit scheduled,"VSCode, GitHub"
570,EMP149,10/05/2025,Write report,"2,9","2,9",High,7,Focused,1,New Project RFP,IT,2,1,50%,MGR343,14,Yes,Ongoing,Code reviewed twice,"VSCode, GitHub"
571,EMP149,10/14/2025,Design dashboard,"3,2","3,1",Medium,3,Focused,3,App QA Cycle,Analytics,0,2,75%,MGR408,5,Yes,Delayed,Code reviewed twice,"Zoom, Slack"
572,EMP51,10/01/2025,Write report,"2,7","2,7",Low,2,Tired,6,Client Dashboard,HR,2,5,0%,MGR321,7,No,Done,Follow up required,"Zoom, Slack"
573,EMP136,10/06/2025,Design dashboard,"3,7","3,6",Medium,6,Tired,4,New Project RFP,QA,1,3,25%,MGR317,15,No,Ongoing,UI feedback pending,"VSCode, GitHub"
574,EMP23,10/08/2025,Bug fixing,"2,6","3,1",Low,1,Tired,8,New Project RFP,Analytics,0,1,75%,MGR402,13,Yes,Ongoing,Good team engagement,"Word, Excel"
575,EMP113,09/23/2025,Team meeting,"3,7","3,9",High,5,Tired,2,CRM Update,QA,2,3,50%,MGR369,14,No,Delayed,Customer issue,"Figma, Power BI"
576,EMP174,10/17/2025,Bug fixing,"2,6","2,4",Medium,5,Happy,3,App QA Cycle,Analytics,0,2,75%,MGR427,5,Yes,Done,Code reviewed twice,"Figma, Power BI"
577,EMP33,10/13/2025,Write report,"3,8","3,7",Medium,6,Stressed,3,App QA Cycle,Sales,2,2,25%,MGR377,11,Yes,Done,Revision requested,"JIRA, PyCharm"
578,EMP139,09/23/2025,Team meeting,"3,2","3,3",Low,4,Tired,9,All-Hands Sync,Sales,1,4,100%,MGR304,14,Yes,Delayed,Code reviewed twice,"JIRA, PyCharm"
579,EMP135,09/27/2025,Bug fixing,"1,4","1,3",Medium,4,Stressed,1,CRM Update,Sales,2,2,25%,MGR425,8,Yes,Delayed,Follow up required,"JIRA, PyCharm"
580,EMP48,10/05/2025,Design dashboard,"3,6","3,6",Medium,6,Focused,9,New Project RFP,QA,1,4,25%,MGR429,2,No,Delayed,Customer issue,Google Docs
581,EMP116,10/06/2025,Design dashboard,"2,6","2,5",Medium,7,Happy,6,Q4 Review Report,Analytics,2,0,25%,MGR393,7,Yes,Ongoing,UI feedback pending,"JIRA, PyCharm"
582,EMP44,09/30/2025,Team meeting,"2,7","3,2",Medium,4,Happy,1,Client Dashboard,IT,0,1,50%,MGR321,13,Yes,Delayed,Code reviewed twice,"Zoom, Slack"
583,EMP63,09/17/2025,Write proposal,"1,5","1,5",Medium,1,Tired,7,New Project RFP,Sales,1,2,0%,MGR420,11,Yes,Delayed,Follow up required,Google Docs
584,EMP119,09/27/2025,Write proposal,"3,1","3,3",High,7,Tired,2,Client Dashboard,IT,1,3,100%,MGR386,4,No,Delayed,Follow up required,"VSCode, GitHub"
585,EMP147,10/07/2025,Write report,"3,2",3,Low,2,Happy,5,Q4 Review Report,HR,2,3,25%,MGR323,13,Yes,Ongoing,UI feedback pending,"Zoom, Slack"
586,EMP37,10/05/2025,Write proposal,"1,6","1,7",Medium,4,Calm,6,Q4 Review Report,HR,2,2,75%,MGR380,5,No,Delayed,Ready for submission,Google Docs
587,EMP151,10/01/2025,Design dashboard,"3,3","3,5",Low,2,Stressed,9,CRM Update,Sales,1,1,75%,MGR368,12,No,Ongoing,Needed extra research,Google Docs
588,EMP71,09/28/2025,Bug fixing,"3,3","3,1",High,2,Calm,5,App QA Cycle,QA,1,0,25%,MGR405,6,No,Ongoing,Good team engagement,"Zoom, Slack"
589,EMP195,10/06/2025,Code feature,"3,5","3,4",Medium,2,Stressed,3,CRM Update,Analytics,0,2,75%,MGR424,10,No,Delayed,Needed extra research,"VSCode, GitHub"
590,EMP60,09/25/2025,Code feature,"2,1","2,6",High,3,Happy,9,CRM Update,Analytics,2,3,0%,MGR314,15,Yes,Delayed,Audit scheduled,"Zoom, Slack"
591,EMP36,10/15/2025,Bug fixing,"1,4","1,3",Medium,6,Stressed,7,Client Dashboard,IT,0,0,100%,MGR428,3,No,Delayed,Code reviewed twice,"VSCode, GitHub"
592,EMP173,09/20/2025,Team meeting,"3,4","3,9",Medium,7,Focused,7,Client Dashboard,IT,1,1,25%,MGR327,4,Yes,Delayed,Customer issue,"JIRA, PyCharm"
593,EMP85,10/14/2025,Write proposal,"2,5","2,8",High,4,Focused,6,Client Dashboard,Analytics,1,4,75%,MGR421,12,Yes,Delayed,Good team engagement,"Zoom, Slack"
594,EMP141,10/09/2025,Team meeting,"3,2","3,3",Medium,1,Focused,1,Client Dashboard,Analytics,2,5,25%,MGR364,10,No,Delayed,UI feedback pending,"Figma, Power BI"
595,EMP51,10/04/2025,Code feature,1,"1,2",Medium,4,Stressed,7,All-Hands Sync,HR,0,1,50%,MGR353,15,Yes,Delayed,UI feedback pending,"Figma, Power BI"
596,EMP124,10/12/2025,Write report,"3,1","3,4",Medium,7,Stressed,8,App QA Cycle,QA,1,5,75%,MGR325,15,Yes,Ongoing,Ready for submission,Google Docs
597,EMP36,09/28/2025,Bug fixing,"3,1","3,3",Low,6,Focused,6,App QA Cycle,Analytics,0,5,25%,MGR413,14,Yes,Done,Follow up required,"VSCode, GitHub"
598,EMP180,09/26/2025,Team meeting,2,"2,2",Low,1,Stressed,3,CRM Update,Sales,2,5,25%,MGR405,14,No,Delayed,Customer issue,"Figma, Power BI"
599,EMP54,09/25/2025,Code feature,"3,9","3,7",Low,5,Happy,5,CRM Update,Analytics,1,2,25%,MGR400,8,Yes,Done,Needed extra research,Google Docs
600,EMP185,10/06/2025,Design dashboard,"1,7","1,6",High,1,Tired,4,All-Hands Sync,IT,0,3,100%,MGR409,11,No,Done,Code reviewed twice,"Zoom, Slack"
601,EMP63,10/17/2025,Write proposal,"2,4","2,2",High,1,Focused,7,App QA Cycle,QA,0,1,25%,MGR348,15,No,Delayed,Customer issue,"JIRA, PyCharm"
602,EMP53,09/30/2025,Code feature,"2,8","2,9",Low,2,Happy,4,App QA Cycle,IT,1,1,0%,MGR374,6,Yes,Ongoing,Customer issue,"VSCode, GitHub"
603,EMP114,10/05/2025,Design dashboard,"2,8","2,6",Low,4,Stressed,1,App QA Cycle,IT,1,5,75%,MGR354,13,No,Ongoing,Follow up required,"Figma, Power BI"
604,EMP172,09/25/2025,Write report,"1,3","1,3",High,5,Stressed,1,All-Hands Sync,IT,1,2,100%,MGR311,2,No,Ongoing,Audit scheduled,"JIRA, PyCharm"
605,EMP97,09/29/2025,Design dashboard,"1,1","1,4",Medium,2,Focused,1,New Project RFP,IT,1,1,100%,MGR426,7,No,Done,Code reviewed twice,"Zoom, Slack"
606,EMP155,09/30/2025,Code feature,"2,8","3,1",Medium,1,Happy,1,CRM Update,QA,1,5,50%,MGR410,6,No,Ongoing,Ready for submission,Google Docs
607,EMP100,09/30/2025,Code feature,"2,7",3,Medium,6,Tired,3,New Project RFP,QA,0,1,25%,MGR313,5,Yes,Done,Customer issue,"Zoom, Slack"
608,EMP61,10/09/2025,Bug fixing,"3,4","3,9",Medium,1,Tired,1,App QA Cycle,HR,2,4,75%,MGR417,9,Yes,Ongoing,Good team engagement,"Word, Excel"
609,EMP109,09/19/2025,Code feature,"3,1","3,2",Medium,2,Calm,9,All-Hands Sync,Sales,2,4,25%,MGR301,10,Yes,Delayed,Code reviewed twice,"VSCode, GitHub"
610,EMP147,10/08/2025,Write report,"3,3","3,2",Medium,1,Happy,2,App QA Cycle,HR,2,0,50%,MGR339,2,Yes,Delayed,Customer issue,"JIRA, PyCharm"
611,EMP180,10/17/2025,Team meeting,"2,8","2,6",Low,6,Stressed,6,Q4 Review Report,Sales,1,2,100%,MGR333,5,Yes,Ongoing,Ready for submission,"Zoom, Slack"
612,EMP34,10/10/2025,Write report,"1,2",1,Low,5,Tired,2,App QA Cycle,HR,0,1,75%,MGR322,2,Yes,Done,Follow up required,"JIRA, PyCharm"
613,EMP92,10/07/2025,Design dashboard,"3,8","3,6",High,1,Happy,8,App QA Cycle,HR,2,4,25%,MGR391,12,Yes,Delayed,Revision requested,"VSCode, GitHub"
614,EMP145,10/01/2025,Bug fixing,"3,7","3,7",Medium,3,Focused,10,App QA Cycle,Analytics,1,2,100%,MGR347,8,No,Done,Needed extra research,Google Docs
615,EMP107,10/01/2025,Design dashboard,"1,3","1,8",High,6,Calm,8,New Project RFP,Sales,0,2,75%,MGR411,3,No,Delayed,Good team engagement,"VSCode, GitHub"
616,EMP195,10/15/2025,Team meeting,"1,5","1,8",High,5,Tired,5,New Project RFP,Analytics,2,0,0%,MGR327,10,No,Delayed,Code reviewed twice,"JIRA, PyCharm"
617,EMP189,10/10/2025,Write proposal,"1,4","1,4",Medium,3,Happy,10,Q4 Review Report,Sales,0,0,75%,MGR345,14,Yes,Delayed,Needed extra research,"Word, Excel"
618,EMP126,10/15/2025,Design dashboard,2,"1,8",Medium,3,Focused,8,Client Dashboard,QA,2,2,50%,MGR347,5,Yes,Done,Audit scheduled,"Zoom, Slack"
619,EMP192,09/20/2025,Bug fixing,"2,6","2,5",Low,1,Stressed,7,Q4 Review Report,Analytics,0,5,75%,MGR417,13,No,Ongoing,Audit scheduled,"Figma, Power BI"
620,EMP144,09/26/2025,Write proposal,"2,2","2,2",Low,3,Tired,5,Q4 Review Report,IT,0,0,25%,MGR328,15,Yes,Ongoing,Blocked by dependencies,"Word, Excel"
621,EMP73,10/02/2025,Design dashboard,"3,2","3,3",High,6,Calm,7,Client Dashboard,Sales,0,0,50%,MGR418,4,No,Delayed,Needed extra research,"Word, Excel"
622,EMP62,10/15/2025,Code feature,"3,4","3,9",Low,6,Tired,8,App QA Cycle,Analytics,1,4,25%,MGR351,6,No,Done,UI feedback pending,"Word, Excel"
623,EMP46,10/07/2025,Design dashboard,"2,8",3,Medium,4,Tired,10,New Project RFP,Sales,1,0,75%,MGR402,9,No,Done,Needed extra research,Google Docs
624,EMP24,09/30/2025,Write proposal,"2,2","2,2",Medium,5,Stressed,5,Client Dashboard,QA,1,0,75%,MGR388,9,No,Done,Good team engagement,"Zoom, Slack"
625,EMP69,10/02/2025,Team meeting,"3,6","3,4",Medium,2,Focused,4,New Project RFP,HR,2,5,75%,MGR333,6,No,Delayed,UI feedback pending,"JIRA, PyCharm"
626,EMP61,10/06/2025,Code feature,2,"2,1",Medium,6,Stressed,8,CRM Update,IT,0,1,100%,MGR425,3,No,Delayed,Ready for submission,"VSCode, GitHub"
627,EMP73,10/04/2025,Write report,"2,4","2,6",High,3,Happy,6,Client Dashboard,IT,0,4,0%,MGR316,7,No,Done,Audit scheduled,"VSCode, GitHub"
628,EMP50,10/04/2025,Code feature,"2,4","2,6",Medium,3,Happy,6,Q4 Review Report,Sales,1,1,100%,MGR326,13,Yes,Delayed,Customer issue,"Word, Excel"
629,EMP47,10/12/2025,Write proposal,"1,1","1,3",Low,7,Stressed,9,Q4 Review Report,Sales,0,1,0%,MGR352,7,Yes,Ongoing,Ready for submission,"Figma, Power BI"
630,EMP133,10/11/2025,Write proposal,"1,4","1,4",Medium,6,Stressed,3,Client Dashboard,HR,1,1,0%,MGR351,9,No,Done,Blocked by dependencies,"JIRA, PyCharm"
631,EMP107,09/26/2025,Write proposal,"2,5","2,3",High,1,Happy,6,Client Dashboard,QA,1,5,25%,MGR338,14,No,Done,Good team engagement,"JIRA, PyCharm"
632,EMP125,10/16/2025,Bug fixing,"1,1","1,1",Medium,7,Focused,6,Q4 Review Report,QA,0,0,100%,MGR317,3,No,Delayed,Follow up required,"VSCode, GitHub"
633,EMP131,09/18/2025,Bug fixing,"2,1",2,High,6,Calm,10,Q4 Review Report,Sales,1,3,75%,MGR377,13,No,Delayed,Needed extra research,"Zoom, Slack"
634,EMP155,10/06/2025,Code feature,"1,8","1,9",Low,4,Tired,4,New Project RFP,Sales,2,5,75%,MGR388,14,No,Done,Ready for submission,"Word, Excel"
635,EMP29,10/04/2025,Team meeting,1,"1,5",Medium,6,Calm,9,New Project RFP,HR,0,0,100%,MGR379,10,No,Ongoing,Good team engagement,"Word, Excel"
636,EMP27,10/15/2025,Write proposal,"2,5","2,5",Low,3,Calm,5,Client Dashboard,QA,2,0,0%,MGR395,6,No,Done,Needed extra research,"Figma, Power BI"
637,EMP51,10/01/2025,Team meeting,"3,9","3,9",Low,6,Stressed,8,All-Hands Sync,IT,2,4,100%,MGR359,7,No,Delayed,Audit scheduled,"Figma, Power BI"
638,EMP55,10/09/2025,Bug fixing,"2,7","2,5",Low,6,Calm,2,All-Hands Sync,Sales,2,1,50%,MGR416,3,Yes,Ongoing,Follow up required,"JIRA, PyCharm"
639,EMP40,09/19/2025,Write report,"1,3","1,8",Medium,2,Tired,4,App QA Cycle,Analytics,1,5,100%,MGR403,11,No,Delayed,Audit scheduled,"JIRA, PyCharm"
640,EMP182,09/30/2025,Bug fixing,"1,6","1,5",Low,4,Tired,3,CRM Update,Sales,0,3,75%,MGR333,13,Yes,Ongoing,Blocked by dependencies,"JIRA, PyCharm"
641,EMP141,09/18/2025,Design dashboard,"2,8","3,3",High,5,Happy,2,New Project RFP,QA,0,0,50%,MGR374,2,Yes,Done,UI feedback pending,"Zoom, Slack"
642,EMP115,09/26/2025,Team meeting,"2,2","2,4",Medium,1,Calm,3,New Project RFP,QA,0,2,50%,MGR355,4,No,Done,Code reviewed twice,Google Docs
643,EMP109,09/19/2025,Write report,"1,6","1,8",Medium,4,Focused,5,New Project RFP,QA,1,3,75%,MGR333,14,Yes,Ongoing,Customer issue,"JIRA, PyCharm"
644,EMP190,10/01/2025,Code feature,2,"1,8",Low,3,Stressed,10,Client Dashboard,Sales,1,3,25%,MGR401,7,Yes,Ongoing,Customer issue,"Figma, Power BI"
645,EMP91,10/07/2025,Write report,"1,6","2,1",High,6,Stressed,10,Client Dashboard,HR,2,5,0%,MGR321,5,Yes,Ongoing,Revision requested,"VSCode, GitHub"
646,EMP141,10/03/2025,Write report,"2,1","2,3",High,6,Focused,3,Q4 Review Report,HR,0,1,100%,MGR413,3,No,Delayed,Audit scheduled,"Word, Excel"
647,EMP145,10/14/2025,Write report,"1,2",1,Medium,4,Calm,7,Q4 Review Report,Sales,1,3,50%,MGR323,3,Yes,Ongoing,Good team engagement,"Zoom, Slack"
648,EMP56,09/22/2025,Team meeting,"3,1","3,2",High,2,Happy,7,Client Dashboard,IT,0,4,50%,MGR346,2,Yes,Delayed,Follow up required,"Word, Excel"
649,EMP101,09/21/2025,Bug fixing,"2,6","2,9",Medium,3,Tired,2,Q4 Review Report,IT,0,4,100%,MGR360,9,No,Done,Ready for submission,"Word, Excel"
650,EMP101,10/01/2025,Write proposal,"2,4","2,2",Medium,1,Tired,1,App QA Cycle,IT,0,2,100%,MGR325,5,Yes,Delayed,Audit scheduled,"JIRA, PyCharm"
651,EMP134,09/19/2025,Design dashboard,"2,7","2,6",Low,2,Calm,6,New Project RFP,IT,0,4,75%,MGR415,2,Yes,Delayed,Audit scheduled,"Zoom, Slack"
652,EMP187,09/22/2025,Write report,"1,3","1,8",High,4,Happy,10,All-Hands Sync,QA,1,5,25%,MGR430,6,Yes,Done,Revision requested,Google Docs
653,EMP37,09/26/2025,Write report,"1,2","1,4",Medium,6,Stressed,3,Client Dashboard,Sales,1,3,25%,MGR429,14,No,Ongoing,UI feedback pending,"Figma, Power BI"
654,EMP86,10/11/2025,Design dashboard,"2,1","2,2",Medium,3,Calm,6,All-Hands Sync,IT,1,4,50%,MGR304,13,Yes,Ongoing,Needed extra research,Google Docs
655,EMP141,09/17/2025,Write report,"3,7","3,8",Low,2,Tired,9,Client Dashboard,QA,1,4,0%,MGR319,10,Yes,Ongoing,Customer issue,"Figma, Power BI"
656,EMP51,09/28/2025,Bug fixing,"2,2","2,1",Low,3,Tired,3,Client Dashboard,Analytics,0,3,50%,MGR349,9,Yes,Done,Needed extra research,"Zoom, Slack"
657,EMP194,10/16/2025,Design dashboard,"3,9",4,Medium,2,Stressed,10,Client Dashboard,HR,2,1,25%,MGR426,7,Yes,Delayed,Customer issue,"Figma, Power BI"
658,EMP175,09/23/2025,Write report,"3,6","3,6",High,7,Tired,2,All-Hands Sync,Sales,2,3,25%,MGR349,12,Yes,Done,Audit scheduled,"VSCode, GitHub"
659,EMP36,09/21/2025,Team meeting,"2,7","2,9",Low,7,Calm,9,Client Dashboard,HR,0,5,0%,MGR364,12,No,Done,Follow up required,"Figma, Power BI"
660,EMP192,10/17/2025,Design dashboard,"1,7","1,9",High,7,Happy,7,App QA Cycle,HR,0,5,100%,MGR419,9,No,Ongoing,Needed extra research,"Figma, Power BI"
661,EMP77,09/18/2025,Team meeting,"2,5","2,3",Medium,5,Tired,6,Q4 Review Report,QA,0,2,0%,MGR306,13,Yes,Ongoing,Follow up required,"Word, Excel"
662,EMP83,09/23/2025,Code feature,2,"2,5",Medium,3,Stressed,2,Q4 Review Report,QA,1,0,100%,MGR385,15,No,Done,Code reviewed twice,"JIRA, PyCharm"
663,EMP81,10/17/2025,Team meeting,"1,5","1,5",High,7,Happy,9,CRM Update,Analytics,2,4,75%,MGR324,12,No,Ongoing,Code reviewed twice,"Word, Excel"
664,EMP35,10/16/2025,Write report,"2,7","2,8",Medium,3,Stressed,3,Q4 Review Report,QA,0,2,100%,MGR410,3,Yes,Ongoing,Needed extra research,Google Docs
665,EMP33,09/26/2025,Bug fixing,"3,4","3,2",Medium,1,Focused,7,CRM Update,Sales,2,4,0%,MGR416,8,No,Delayed,Audit scheduled,Google Docs
666,EMP45,09/27/2025,Design dashboard,"2,8","2,6",Low,7,Stressed,8,New Project RFP,HR,2,1,0%,MGR326,2,Yes,Ongoing,Blocked by dependencies,Google Docs
667,EMP52,10/07/2025,Write proposal,"3,5","3,8",Medium,3,Tired,8,Client Dashboard,Sales,1,1,25%,MGR335,14,Yes,Done,Good team engagement,"Zoom, Slack"
668,EMP169,09/30/2025,Write proposal,"3,8","3,6",Low,7,Happy,5,New Project RFP,Sales,0,1,75%,MGR379,11,No,Delayed,UI feedback pending,"Word, Excel"
669,EMP152,10/05/2025,Design dashboard,"1,6","1,5",Low,2,Stressed,4,New Project RFP,Sales,0,3,50%,MGR350,5,Yes,Done,UI feedback pending,"VSCode, GitHub"
670,EMP190,10/02/2025,Design dashboard,2,"2,1",Low,4,Focused,6,New Project RFP,Sales,1,4,50%,MGR407,7,Yes,Done,Customer issue,"Word, Excel"
671,EMP146,09/24/2025,Write report,1,1,Low,2,Calm,8,New Project RFP,IT,0,3,50%,MGR396,5,No,Done,Needed extra research,"Zoom, Slack"
672,EMP22,09/19/2025,Team meeting,"3,2","3,7",High,5,Stressed,3,All-Hands Sync,QA,0,5,100%,MGR392,2,Yes,Done,Blocked by dependencies,"Zoom, Slack"
673,EMP64,09/24/2025,Team meeting,"1,1","1,6",Low,2,Happy,9,CRM Update,IT,0,0,25%,MGR367,3,Yes,Ongoing,Good team engagement,"JIRA, PyCharm"
674,EMP187,10/12/2025,Write report,"3,6","4,1",Medium,2,Happy,8,CRM Update,HR,1,5,25%,MGR411,13,Yes,Done,Good team engagement,"VSCode, GitHub"
675,EMP68,09/23/2025,Write proposal,"2,3","2,4",Medium,6,Happy,6,New Project RFP,QA,2,1,0%,MGR348,15,No,Done,UI feedback pending,"VSCode, GitHub"
676,EMP33,10/07/2025,Team meeting,"3,7","4,2",High,7,Focused,10,App QA Cycle,IT,2,0,75%,MGR316,4,No,Ongoing,Revision requested,"Zoom, Slack"
677,EMP147,10/03/2025,Bug fixing,2,"2,1",High,3,Happy,9,Client Dashboard,QA,2,3,75%,MGR368,11,No,Ongoing,Audit scheduled,"Figma, Power BI"
678,EMP29,09/23/2025,Code feature,"3,5","3,7",High,4,Calm,7,CRM Update,HR,1,3,100%,MGR340,15,No,Delayed,Revision requested,"Word, Excel"
679,EMP54,10/11/2025,Write report,"2,8","3,1",Medium,4,Focused,6,CRM Update,Sales,0,3,100%,MGR386,8,No,Delayed,Follow up required,"JIRA, PyCharm"
680,EMP114,10/12/2025,Bug fixing,"3,5",4,Medium,3,Tired,1,CRM Update,QA,0,2,0%,MGR391,3,No,Ongoing,Revision requested,Google Docs
681,EMP184,09/19/2025,Team meeting,"2,2",2,High,1,Stressed,2,All-Hands Sync,Analytics,2,1,50%,MGR350,12,No,Delayed,Ready for submission,"Figma, Power BI"
682,EMP194,10/14/2025,Team meeting,"2,1","2,6",High,6,Focused,3,Client Dashboard,Sales,1,0,50%,MGR372,15,No,Delayed,Follow up required,Google Docs
683,EMP187,09/17/2025,Bug fixing,"1,9","2,2",Low,5,Calm,7,CRM Update,IT,2,5,25%,MGR421,5,No,Ongoing,Customer issue,"Zoom, Slack"
684,EMP41,09/27/2025,Code feature,"3,9","4,2",Medium,7,Tired,4,App QA Cycle,QA,2,0,50%,MGR335,11,Yes,Delayed,Needed extra research,"JIRA, PyCharm"
685,EMP188,10/13/2025,Team meeting,"1,4","1,5",Medium,2,Tired,7,Client Dashboard,QA,2,4,50%,MGR383,11,Yes,Ongoing,Needed extra research,"VSCode, GitHub"
686,EMP59,10/17/2025,Team meeting,"2,7","2,9",Low,6,Focused,10,New Project RFP,QA,1,1,75%,MGR316,10,No,Done,Customer issue,"Word, Excel"
687,EMP104,10/05/2025,Bug fixing,"3,7","3,7",Low,3,Stressed,3,Q4 Review Report,Sales,0,0,100%,MGR425,2,Yes,Done,Code reviewed twice,"JIRA, PyCharm"
688,EMP92,09/23/2025,Code feature,"2,5","2,5",Medium,6,Focused,2,App QA Cycle,Analytics,1,4,0%,MGR343,7,No,Delayed,Good team engagement,"Word, Excel"
689,EMP53,10/04/2025,Bug fixing,"1,8","1,9",Medium,6,Stressed,7,CRM Update,IT,0,2,75%,MGR421,4,No,Ongoing,Blocked by dependencies,Google Docs
690,EMP195,10/01/2025,Team meeting,"2,9","2,8",High,1,Calm,8,Q4 Review Report,QA,2,1,100%,MGR384,11,No,Delayed,Customer issue,Google Docs
691,EMP30,10/10/2025,Write report,"1,7","1,5",Medium,6,Tired,6,Client Dashboard,HR,1,4,25%,MGR406,5,Yes,Ongoing,Follow up required,"JIRA, PyCharm"
692,EMP118,10/16/2025,Design dashboard,"3,5","3,8",High,6,Focused,2,App QA Cycle,Analytics,0,1,50%,MGR374,12,Yes,Ongoing,Blocked by dependencies,"JIRA, PyCharm"
693,EMP125,10/11/2025,Write proposal,"1,4","1,9",High,3,Stressed,2,New Project RFP,HR,1,3,25%,MGR364,5,Yes,Delayed,Needed extra research,"Word, Excel"
694,EMP183,10/09/2025,Design dashboard,"1,5","1,4",Low,4,Tired,6,Client Dashboard,QA,0,3,0%,MGR302,6,Yes,Ongoing,Good team engagement,"Zoom, Slack"
695,EMP191,10/10/2025,Bug fixing,3,"2,8",Medium,4,Stressed,2,New Project RFP,IT,2,3,25%,MGR420,15,No,Done,Good team engagement,"Word, Excel"
696,EMP175,09/20/2025,Code feature,"3,7","4,2",Medium,1,Focused,7,CRM Update,Analytics,2,0,50%,MGR339,9,No,Done,Blocked by dependencies,"Figma, Power BI"
697,EMP28,10/15/2025,Design dashboard,"3,4","3,4",Low,2,Tired,1,Client Dashboard,Sales,2,5,0%,MGR399,13,No,Delayed,Needed extra research,Google Docs
698,EMP21,09/18/2025,Bug fixing,"1,8","1,8",High,2,Happy,4,CRM Update,Analytics,0,3,0%,MGR303,7,Yes,Ongoing,Code reviewed twice,"VSCode, GitHub"
699,EMP44,10/12/2025,Design dashboard,"2,2",2,High,6,Calm,1,App QA Cycle,Sales,0,2,50%,MGR348,11,Yes,Ongoing,Follow up required,"JIRA, PyCharm"
700,EMP50,09/24/2025,Code feature,"3,5","3,4",High,3,Happy,3,Q4 Review Report,QA,2,2,0%,MGR399,5,No,Done,Code reviewed twice,"Figma, Power BI"
701,EMP91,10/07/2025,Write proposal,"1,3","1,1",Medium,1,Stressed,4,App QA Cycle,HR,2,3,0%,MGR343,6,Yes,Ongoing,UI feedback pending,"Figma, Power BI"
702,EMP198,09/29/2025,Design dashboard,"1,4","1,4",Low,2,Happy,3,Client Dashboard,HR,2,3,0%,MGR385,2,No,Delayed,Revision requested,"Figma, Power BI"
703,EMP79,10/03/2025,Write proposal,"1,8",2,Low,1,Calm,1,New Project RFP,Analytics,1,1,75%,MGR362,11,Yes,Done,Good team engagement,"Zoom, Slack"
704,EMP147,09/26/2025,Code feature,"2,8","3,1",High,4,Calm,1,CRM Update,Sales,1,5,50%,MGR334,6,No,Ongoing,Needed extra research,Google Docs
705,EMP126,10/07/2025,Team meeting,"2,9","3,4",High,2,Happy,6,CRM Update,IT,2,0,25%,MGR356,11,No,Ongoing,UI feedback pending,"VSCode, GitHub"
706,EMP133,10/07/2025,Write report,"1,5",2,High,7,Tired,2,CRM Update,Analytics,2,1,25%,MGR332,3,Yes,Ongoing,Revision requested,"VSCode, GitHub"
707,EMP80,10/03/2025,Write report,"3,5",4,Medium,6,Tired,5,CRM Update,IT,0,3,25%,MGR363,6,No,Ongoing,Customer issue,"Figma, Power BI"
708,EMP71,09/25/2025,Bug fixing,"2,1","2,2",High,3,Tired,7,CRM Update,QA,1,3,100%,MGR410,14,Yes,Delayed,Needed extra research,"JIRA, PyCharm"
709,EMP129,10/14/2025,Write report,"2,3","2,4",Medium,5,Focused,3,New Project RFP,IT,1,3,75%,MGR378,9,No,Delayed,Revision requested,Google Docs
710,EMP143,09/19/2025,Team meeting,"1,5","1,7",High,6,Tired,4,CRM Update,IT,0,0,100%,MGR395,9,No,Delayed,Follow up required,"Figma, Power BI"
711,EMP115,09/29/2025,Bug fixing,"1,6","2,1",Medium,6,Focused,2,App QA Cycle,Analytics,0,3,100%,MGR341,5,No,Delayed,UI feedback pending,Google Docs
712,EMP145,10/07/2025,Design dashboard,"2,8","2,9",Medium,6,Stressed,7,App QA Cycle,IT,0,3,0%,MGR392,12,Yes,Ongoing,Good team engagement,"Zoom, Slack"
713,EMP174,10/01/2025,Design dashboard,"1,2","1,4",High,3,Calm,10,New Project RFP,IT,0,0,0%,MGR398,8,Yes,Ongoing,Blocked by dependencies,"JIRA, PyCharm"
714,EMP62,10/13/2025,Bug fixing,"1,9","2,2",Medium,6,Happy,9,New Project RFP,QA,2,2,75%,MGR322,3,No,Done,Ready for submission,"Figma, Power BI"
715,EMP73,10/16/2025,Design dashboard,"3,2","3,1",Medium,6,Happy,1,CRM Update,QA,0,0,0%,MGR406,10,No,Ongoing,Ready for submission,"Figma, Power BI"
716,EMP130,09/22/2025,Code feature,"2,8","2,6",Medium,2,Calm,4,App QA Cycle,IT,2,0,75%,MGR354,4,Yes,Done,Good team engagement,"VSCode, GitHub"
717,EMP86,10/15/2025,Bug fixing,"2,4","2,3",Medium,6,Focused,2,Client Dashboard,IT,0,2,0%,MGR396,3,No,Done,UI feedback pending,"Word, Excel"
718,EMP169,09/24/2025,Bug fixing,"3,9","3,7",Medium,6,Stressed,1,Q4 Review Report,HR,0,5,100%,MGR310,3,Yes,Ongoing,Needed extra research,"JIRA, PyCharm"
719,EMP174,10/03/2025,Team meeting,"3,2","3,2",Medium,4,Happy,10,App QA Cycle,HR,1,5,50%,MGR380,15,Yes,Delayed,Follow up required,"JIRA, PyCharm"
720,EMP176,09/18/2025,Team meeting,"1,8","1,7",Medium,7,Stressed,1,App QA Cycle,QA,2,1,0%,MGR331,15,No,Ongoing,Blocked by dependencies,"Zoom, Slack"
721,EMP135,10/06/2025,Design dashboard,"1,8",2,Low,7,Tired,9,App QA Cycle,IT,0,5,50%,MGR304,12,No,Done,UI feedback pending,"Figma, Power BI"
722,EMP133,09/24/2025,Write proposal,"3,5","3,5",Medium,4,Focused,2,All-Hands Sync,QA,1,5,0%,MGR398,6,Yes,Ongoing,Good team engagement,Google Docs
723,EMP166,10/12/2025,Design dashboard,"2,5",3,Low,1,Calm,8,Q4 Review Report,HR,2,4,75%,MGR343,9,Yes,Delayed,Revision requested,"VSCode, GitHub"
724,EMP82,09/23/2025,Code feature,"1,5","1,5",Low,6,Stressed,2,App QA Cycle,Analytics,0,2,75%,MGR371,5,No,Ongoing,Customer issue,"Figma, Power BI"
725,EMP51,10/08/2025,Code feature,"3,3","3,8",Low,6,Tired,2,Client Dashboard,HR,0,4,100%,MGR316,12,No,Delayed,Follow up required,"Figma, Power BI"
726,EMP184,10/12/2025,Write proposal,2,2,Medium,7,Calm,4,All-Hands Sync,Analytics,1,0,0%,MGR322,7,Yes,Ongoing,Code reviewed twice,Google Docs
727,EMP114,09/21/2025,Team meeting,"2,2","2,7",Medium,5,Stressed,5,Q4 Review Report,Sales,2,1,75%,MGR408,7,No,Ongoing,Good team engagement,Google Docs
728,EMP189,10/06/2025,Write proposal,"3,1","3,2",High,1,Tired,1,New Project RFP,QA,1,1,50%,MGR356,9,No,Done,Audit scheduled,"Zoom, Slack"
729,EMP57,10/10/2025,Design dashboard,"2,4","2,6",Low,1,Focused,6,All-Hands Sync,Sales,2,0,50%,MGR422,12,Yes,Delayed,Ready for submission,"Figma, Power BI"
730,EMP116,09/18/2025,Team meeting,"3,5",4,High,7,Calm,4,Client Dashboard,Analytics,0,3,75%,MGR376,15,Yes,Done,Revision requested,"JIRA, PyCharm"
731,EMP106,09/30/2025,Design dashboard,1,"1,2",Medium,3,Tired,7,Q4 Review Report,Sales,2,2,50%,MGR349,13,No,Done,Good team engagement,"Zoom, Slack"
732,EMP168,10/14/2025,Write report,"1,8","1,9",Low,3,Tired,3,New Project RFP,IT,1,5,75%,MGR374,4,Yes,Done,Blocked by dependencies,"Figma, Power BI"
733,EMP186,09/17/2025,Team meeting,"1,3","1,8",Low,7,Focused,2,Client Dashboard,IT,1,3,25%,MGR314,3,No,Delayed,Good team engagement,"Word, Excel"
734,EMP50,10/03/2025,Design dashboard,"1,3","1,5",Medium,5,Tired,3,Client Dashboard,QA,0,0,0%,MGR361,8,No,Delayed,Audit scheduled,"VSCode, GitHub"
735,EMP187,10/10/2025,Bug fixing,"3,9","3,9",Low,7,Stressed,8,Client Dashboard,QA,1,5,75%,MGR394,2,Yes,Done,Code reviewed twice,"Word, Excel"
736,EMP145,10/07/2025,Design dashboard,"3,9","3,8",Low,2,Stressed,10,New Project RFP,Sales,1,2,0%,MGR346,8,No,Ongoing,Follow up required,"Zoom, Slack"
737,EMP166,09/21/2025,Write report,"2,6","2,9",Medium,1,Focused,3,App QA Cycle,Analytics,1,4,100%,MGR425,3,Yes,Done,Code reviewed twice,"VSCode, GitHub"
738,EMP173,10/09/2025,Code feature,"2,6","2,8",High,5,Tired,6,Q4 Review Report,Analytics,0,4,25%,MGR341,3,No,Done,Code reviewed twice,"Word, Excel"
739,EMP149,09/26/2025,Team meeting,"3,2","3,7",Low,2,Tired,1,CRM Update,HR,0,4,50%,MGR413,4,No,Ongoing,UI feedback pending,Google Docs
740,EMP110,10/06/2025,Write proposal,"3,3","3,8",Low,2,Stressed,1,CRM Update,Analytics,0,1,50%,MGR355,4,Yes,Ongoing,UI feedback pending,"Zoom, Slack"
741,EMP52,10/10/2025,Write proposal,"3,1","2,9",Medium,1,Focused,5,All-Hands Sync,QA,2,1,75%,MGR416,3,No,Ongoing,Follow up required,"Figma, Power BI"
742,EMP56,10/04/2025,Code feature,"3,9",4,High,6,Happy,4,Client Dashboard,HR,2,5,100%,MGR341,8,Yes,Delayed,Follow up required,"JIRA, PyCharm"
743,EMP26,10/17/2025,Write proposal,"2,5","2,4",High,1,Happy,2,New Project RFP,Analytics,2,4,75%,MGR316,7,Yes,Delayed,UI feedback pending,"Zoom, Slack"
744,EMP57,10/14/2025,Code feature,"3,1","3,1",Medium,1,Stressed,7,CRM Update,QA,0,0,25%,MGR378,11,No,Done,Revision requested,"Zoom, Slack"
745,EMP199,10/05/2025,Team meeting,"3,8","3,7",Low,3,Focused,2,Q4 Review Report,IT,1,3,25%,MGR388,14,No,Delayed,Audit scheduled,"VSCode, GitHub"
746,EMP86,09/17/2025,Design dashboard,"1,1",1,Low,6,Calm,3,CRM Update,QA,2,5,50%,MGR313,13,No,Ongoing,Blocked by dependencies,"Figma, Power BI"
747,EMP175,09/30/2025,Design dashboard,4,"4,1",Medium,2,Tired,6,App QA Cycle,Sales,1,2,75%,MGR358,6,Yes,Delayed,Follow up required,"Zoom, Slack"
748,EMP43,10/07/2025,Write report,"2,7","2,8",High,6,Calm,2,CRM Update,Sales,0,0,50%,MGR426,14,Yes,Delayed,Revision requested,"Figma, Power BI"
749,EMP54,10/02/2025,Bug fixing,"1,9","1,8",Low,6,Focused,2,App QA Cycle,Analytics,2,1,0%,MGR408,13,No,Done,Revision requested,"Figma, Power BI"
750,EMP175,09/18/2025,Write proposal,"3,1","3,1",Medium,2,Focused,4,CRM Update,Analytics,1,1,100%,MGR390,2,No,Delayed,Follow up required,"VSCode, GitHub"
751,EMP115,09/20/2025,Team meeting,"1,6","1,7",Low,2,Focused,2,All-Hands Sync,HR,1,2,50%,MGR354,2,No,Done,Ready for submission,"Figma, Power BI"
752,EMP151,10/13/2025,Write report,"2,3","2,8",Medium,5,Tired,1,All-Hands Sync,Analytics,2,3,50%,MGR376,7,Yes,Done,UI feedback pending,"Figma, Power BI"
753,EMP67,09/29/2025,Team meeting,"2,4","2,2",High,1,Tired,8,CRM Update,Analytics,2,4,25%,MGR405,3,No,Done,Good team engagement,"Figma, Power BI"
754,EMP84,09/24/2025,Bug fixing,"1,2","1,4",Medium,3,Happy,6,App QA Cycle,IT,2,2,0%,MGR412,12,No,Done,Good team engagement,"Zoom, Slack"
755,EMP131,09/17/2025,Team meeting,2,"2,1",Low,2,Stressed,4,All-Hands Sync,Analytics,0,3,75%,MGR384,2,Yes,Ongoing,Blocked by dependencies,"JIRA, PyCharm"
756,EMP190,09/25/2025,Write report,"2,9","2,7",Medium,4,Focused,8,Client Dashboard,IT,1,3,100%,MGR399,4,Yes,Done,Needed extra research,"VSCode, GitHub"
757,EMP59,09/28/2025,Write proposal,"2,8",3,High,7,Calm,1,Client Dashboard,HR,1,4,0%,MGR411,9,No,Delayed,Customer issue,"Word, Excel"
758,EMP129,09/24/2025,Write proposal,"2,7","3,2",High,6,Focused,3,CRM Update,HR,0,2,25%,MGR409,5,No,Ongoing,Code reviewed twice,"Figma, Power BI"
759,EMP148,10/06/2025,Code feature,"1,2","1,7",High,7,Focused,3,CRM Update,Analytics,0,3,0%,MGR370,5,Yes,Delayed,Needed extra research,Google Docs
760,EMP71,09/19/2025,Write report,"2,6","2,7",Medium,4,Focused,5,Client Dashboard,IT,0,2,75%,MGR422,2,No,Ongoing,Needed extra research,"Zoom, Slack"
761,EMP48,09/25/2025,Team meeting,"3,2","3,5",Medium,3,Tired,4,All-Hands Sync,Analytics,0,0,0%,MGR313,12,No,Done,Ready for submission,"JIRA, PyCharm"
762,EMP91,10/16/2025,Write proposal,"2,7","2,7",High,4,Calm,5,App QA Cycle,HR,1,2,0%,MGR324,12,Yes,Ongoing,Revision requested,"VSCode, GitHub"
763,EMP104,09/28/2025,Design dashboard,"2,6","2,4",Medium,6,Focused,9,New Project RFP,HR,0,5,50%,MGR353,11,No,Done,Code reviewed twice,"VSCode, GitHub"
764,EMP181,10/10/2025,Write proposal,2,"2,1",High,1,Focused,4,CRM Update,QA,0,0,100%,MGR387,6,No,Done,Revision requested,"Figma, Power BI"
765,EMP59,09/18/2025,Code feature,"2,6","3,1",High,4,Focused,5,New Project RFP,HR,1,3,0%,MGR411,3,No,Delayed,Revision requested,Google Docs
766,EMP25,09/22/2025,Write proposal,"2,8","2,6",Medium,6,Calm,5,Q4 Review Report,Sales,0,5,25%,MGR401,9,Yes,Done,Customer issue,Google Docs
767,EMP118,10/04/2025,Bug fixing,"2,3","2,5",Medium,5,Happy,4,CRM Update,Analytics,0,4,25%,MGR302,14,No,Ongoing,Revision requested,"Zoom, Slack"
768,EMP97,10/14/2025,Code feature,"3,6","3,4",Medium,6,Happy,9,Q4 Review Report,IT,0,0,100%,MGR360,6,Yes,Ongoing,Good team engagement,"Zoom, Slack"
769,EMP54,09/25/2025,Write report,1,"1,5",Low,2,Calm,9,Q4 Review Report,Analytics,2,2,100%,MGR394,7,Yes,Ongoing,Revision requested,"Zoom, Slack"
770,EMP54,09/30/2025,Write proposal,"2,6","2,8",Medium,3,Stressed,1,All-Hands Sync,IT,2,2,25%,MGR365,2,Yes,Ongoing,Follow up required,"Figma, Power BI"
771,EMP85,10/14/2025,Design dashboard,"1,2",1,Low,5,Focused,4,App QA Cycle,IT,1,2,25%,MGR401,4,No,Done,Follow up required,"Zoom, Slack"
772,EMP57,10/15/2025,Bug fixing,"2,1","1,9",High,4,Calm,8,CRM Update,IT,0,4,75%,MGR346,12,No,Done,Ready for submission,"VSCode, GitHub"
773,EMP65,10/13/2025,Bug fixing,"1,3","1,1",Low,5,Calm,2,CRM Update,Analytics,1,1,75%,MGR403,3,Yes,Ongoing,Needed extra research,Google Docs
774,EMP45,09/29/2025,Bug fixing,"2,4","2,4",High,1,Stressed,1,CRM Update,IT,0,2,25%,MGR303,14,Yes,Done,Revision requested,"Figma, Power BI"
775,EMP106,10/14/2025,Design dashboard,"2,7",3,High,2,Calm,8,New Project RFP,QA,0,2,50%,MGR422,4,Yes,Done,Revision requested,"Figma, Power BI"
776,EMP88,10/07/2025,Write proposal,4,"4,1",High,1,Stressed,2,New Project RFP,HR,0,4,75%,MGR336,2,Yes,Done,Blocked by dependencies,"JIRA, PyCharm"
777,EMP118,09/21/2025,Team meeting,"1,3","1,2",Low,3,Calm,7,Client Dashboard,Analytics,1,1,0%,MGR357,3,No,Delayed,Code reviewed twice,Google Docs
778,EMP105,09/20/2025,Team meeting,"2,3","2,8",High,1,Focused,3,CRM Update,QA,2,2,100%,MGR346,12,No,Done,Ready for submission,Google Docs
779,EMP93,09/28/2025,Write report,"3,2","3,2",Medium,4,Happy,5,Client Dashboard,Analytics,0,1,25%,MGR381,4,No,Delayed,Customer issue,"Word, Excel"
780,EMP48,10/05/2025,Bug fixing,"1,3","1,1",Low,3,Calm,2,All-Hands Sync,IT,0,3,50%,MGR381,9,No,Delayed,Follow up required,Google Docs
781,EMP182,09/27/2025,Code feature,"1,9",2,Low,2,Tired,7,New Project RFP,QA,2,4,75%,MGR358,8,Yes,Ongoing,Follow up required,Google Docs
782,EMP167,10/11/2025,Design dashboard,"1,9","1,7",Low,2,Stressed,4,All-Hands Sync,Analytics,0,0,50%,MGR421,4,Yes,Done,UI feedback pending,"Zoom, Slack"
783,EMP55,09/26/2025,Bug fixing,"2,8","2,8",High,7,Focused,7,CRM Update,IT,0,0,25%,MGR330,13,Yes,Delayed,Needed extra research,"Figma, Power BI"
784,EMP128,09/28/2025,Write report,"3,7","3,6",Low,1,Focused,2,App QA Cycle,Sales,0,0,25%,MGR393,4,Yes,Done,Code reviewed twice,"Word, Excel"
785,EMP165,10/13/2025,Bug fixing,"2,3","2,3",High,7,Calm,8,Client Dashboard,IT,2,4,50%,MGR420,8,No,Delayed,Needed extra research,"Zoom, Slack"
786,EMP48,09/21/2025,Write report,"2,2","2,5",Low,1,Focused,3,New Project RFP,IT,0,3,75%,MGR416,10,No,Ongoing,Revision requested,"Zoom, Slack"
787,EMP78,09/30/2025,Code feature,"1,7","1,8",Medium,1,Focused,7,CRM Update,IT,1,4,0%,MGR356,8,Yes,Ongoing,Revision requested,Google Docs
788,EMP39,10/13/2025,Design dashboard,"3,4","3,9",Medium,4,Happy,7,App QA Cycle,IT,0,2,75%,MGR349,6,Yes,Done,Code reviewed twice,"Zoom, Slack"
789,EMP174,10/11/2025,Team meeting,"1,3","1,1",High,2,Happy,3,New Project RFP,Analytics,0,1,100%,MGR302,14,No,Done,Revision requested,"VSCode, GitHub"
790,EMP183,10/16/2025,Write report,"3,9","3,8",High,3,Stressed,10,New Project RFP,Analytics,2,3,0%,MGR312,7,Yes,Delayed,Needed extra research,"Zoom, Slack"
791,EMP92,10/17/2025,Bug fixing,"3,8",4,Low,2,Happy,7,Client Dashboard,HR,0,5,0%,MGR384,8,Yes,Ongoing,Good team engagement,"Word, Excel"
792,EMP170,10/12/2025,Bug fixing,"3,7","3,8",Medium,5,Stressed,5,CRM Update,IT,2,3,0%,MGR323,13,Yes,Done,Good team engagement,"Figma, Power BI"
793,EMP61,10/17/2025,Write proposal,"1,5","1,8",Low,6,Focused,9,All-Hands Sync,QA,0,2,50%,MGR392,11,No,Done,Follow up required,"VSCode, GitHub"
794,EMP73,10/06/2025,Write proposal,"1,2","1,5",High,2,Focused,8,Q4 Review Report,Analytics,0,2,100%,MGR322,9,Yes,Delayed,UI feedback pending,"VSCode, GitHub"
795,EMP95,09/22/2025,Write report,"3,5","3,3",Medium,5,Happy,6,Q4 Review Report,Analytics,0,5,75%,MGR366,9,No,Delayed,Good team engagement,"Word, Excel"
796,EMP165,10/02/2025,Write report,"2,8","3,3",Medium,7,Happy,7,App QA Cycle,Sales,2,1,75%,MGR393,10,No,Delayed,Code reviewed twice,"Figma, Power BI"
797,EMP125,10/03/2025,Bug fixing,"1,4","1,6",Medium,6,Stressed,10,Client Dashboard,Analytics,2,1,100%,MGR302,4,Yes,Delayed,Follow up required,"VSCode, GitHub"
798,EMP165,09/29/2025,Write report,"1,5","1,6",High,4,Tired,2,All-Hands Sync,QA,1,5,100%,MGR419,3,Yes,Done,Code reviewed twice,"JIRA, PyCharm"
799,EMP130,09/23/2025,Bug fixing,"1,1","1,2",Medium,1,Happy,6,New Project RFP,QA,0,5,75%,MGR329,6,No,Done,Revision requested,"VSCode, GitHub"
800,EMP140,09/21/2025,Design dashboard,"3,3","3,1",High,3,Focused,1,New Project RFP,QA,0,2,75%,MGR421,5,Yes,Done,Needed extra research,"Figma, Power BI"
801,EMP128,09/25/2025,Team meeting,"3,4","3,2",Low,2,Stressed,3,Q4 Review Report,HR,1,0,50%,MGR415,15,No,Ongoing,Blocked by dependencies,"Figma, Power BI"
802,EMP86,09/22/2025,Write report,"3,9","3,9",High,4,Happy,5,CRM Update,IT,1,3,75%,MGR421,10,Yes,Ongoing,Follow up required,"Zoom, Slack"
803,EMP197,10/05/2025,Bug fixing,"2,6","2,9",High,5,Focused,4,Q4 Review Report,Sales,2,1,50%,MGR381,2,Yes,Delayed,Good team engagement,"JIRA, PyCharm"
804,EMP101,09/20/2025,Design dashboard,4,"4,5",Medium,3,Focused,1,App QA Cycle,IT,2,3,100%,MGR324,2,Yes,Ongoing,Blocked by dependencies,"JIRA, PyCharm"
805,EMP198,10/04/2025,Code feature,"1,8",2,Low,4,Calm,6,CRM Update,IT,2,4,0%,MGR394,15,No,Done,Ready for submission,"Zoom, Slack"
806,EMP148,10/13/2025,Write report,"3,3","3,1",Low,4,Tired,7,App QA Cycle,HR,1,4,75%,MGR385,3,Yes,Delayed,Follow up required,"Zoom, Slack"
807,EMP65,10/04/2025,Write proposal,4,"4,2",High,5,Tired,7,All-Hands Sync,QA,2,2,100%,MGR325,3,Yes,Done,Needed extra research,Google Docs
808,EMP125,09/20/2025,Bug fixing,"3,4","3,2",Low,7,Focused,9,Q4 Review Report,QA,2,4,0%,MGR374,15,No,Done,Blocked by dependencies,"JIRA, PyCharm"
809,EMP161,09/29/2025,Write report,"2,9","3,4",High,7,Tired,2,All-Hands Sync,QA,1,5,75%,MGR301,7,Yes,Ongoing,Ready for submission,"Zoom, Slack"
810,EMP188,09/25/2025,Team meeting,"2,6","2,6",Medium,6,Calm,1,App QA Cycle,Analytics,0,0,25%,MGR395,15,No,Delayed,Good team engagement,Google Docs
811,EMP130,09/24/2025,Write proposal,"3,7","4,2",Medium,2,Focused,7,Q4 Review Report,Sales,1,1,75%,MGR344,8,No,Ongoing,Good team engagement,"JIRA, PyCharm"
812,EMP79,09/20/2025,Design dashboard,"1,3","1,3",High,5,Stressed,10,App QA Cycle,HR,2,1,50%,MGR352,3,Yes,Done,Follow up required,"Word, Excel"
813,EMP180,10/11/2025,Write proposal,"2,2","2,4",High,1,Focused,9,Q4 Review Report,Sales,1,0,25%,MGR416,12,No,Done,Blocked by dependencies,"Figma, Power BI"
814,EMP76,09/26/2025,Code feature,"1,4","1,4",Low,7,Calm,7,All-Hands Sync,Analytics,1,0,25%,MGR305,12,Yes,Done,Customer issue,Google Docs
815,EMP51,09/20/2025,Code feature,"1,1","1,2",Medium,3,Calm,2,Q4 Review Report,QA,1,1,75%,MGR325,9,Yes,Delayed,Code reviewed twice,"JIRA, PyCharm"
816,EMP180,09/19/2025,Code feature,"3,6","3,6",Low,4,Tired,6,Client Dashboard,QA,0,1,50%,MGR302,4,Yes,Done,UI feedback pending,"Zoom, Slack"
817,EMP143,10/06/2025,Write proposal,2,2,Low,1,Calm,9,Client Dashboard,HR,0,1,100%,MGR307,10,Yes,Ongoing,Revision requested,"VSCode, GitHub"
818,EMP75,10/14/2025,Team meeting,"2,7","2,9",High,2,Stressed,6,CRM Update,IT,0,5,25%,MGR368,6,No,Done,Code reviewed twice,"Zoom, Slack"
819,EMP161,10/07/2025,Team meeting,"1,8","2,1",Medium,6,Tired,7,New Project RFP,QA,0,2,25%,MGR350,12,No,Delayed,Code reviewed twice,Google Docs
820,EMP170,09/26/2025,Code feature,"2,1","2,3",High,6,Tired,7,App QA Cycle,QA,2,5,50%,MGR381,11,Yes,Ongoing,Follow up required,"JIRA, PyCharm"
821,EMP71,10/05/2025,Team meeting,"3,2","3,3",Medium,6,Stressed,8,CRM Update,Analytics,2,2,100%,MGR404,6,No,Delayed,Needed extra research,"Word, Excel"
822,EMP66,10/12/2025,Team meeting,"2,6","3,1",Medium,7,Calm,6,CRM Update,Analytics,0,5,50%,MGR395,4,No,Done,Needed extra research,"Zoom, Slack"
823,EMP196,09/17/2025,Design dashboard,"1,7","2,2",Medium,2,Tired,10,All-Hands Sync,IT,2,0,75%,MGR372,11,Yes,Ongoing,Blocked by dependencies,"Word, Excel"
824,EMP163,09/25/2025,Design dashboard,"3,7","4,2",Low,7,Stressed,10,Client Dashboard,QA,2,3,50%,MGR381,5,Yes,Done,Customer issue,"JIRA, PyCharm"
825,EMP31,09/25/2025,Bug fixing,"3,6","4,1",High,1,Tired,3,New Project RFP,HR,2,3,25%,MGR305,6,Yes,Ongoing,Audit scheduled,"Word, Excel"
826,EMP138,09/26/2025,Code feature,"2,4","2,9",Medium,1,Focused,9,Q4 Review Report,HR,2,0,0%,MGR420,3,No,Ongoing,Ready for submission,"Zoom, Slack"
827,EMP101,10/11/2025,Team meeting,"3,7","3,9",Medium,1,Focused,6,App QA Cycle,Sales,0,3,50%,MGR416,9,Yes,Delayed,Audit scheduled,"Word, Excel"
828,EMP27,09/24/2025,Write report,2,"2,1",High,2,Stressed,6,Client Dashboard,QA,0,1,0%,MGR348,13,No,Ongoing,Needed extra research,"Figma, Power BI"
829,EMP33,09/25/2025,Write report,"2,6","3,1",High,1,Happy,2,All-Hands Sync,HR,2,4,75%,MGR369,13,Yes,Done,Audit scheduled,"JIRA, PyCharm"
830,EMP50,09/21/2025,Team meeting,"1,8","1,6",High,7,Focused,7,Client Dashboard,QA,2,0,100%,MGR361,11,No,Ongoing,Customer issue,"Zoom, Slack"
831,EMP102,10/11/2025,Design dashboard,"2,6","2,9",Medium,2,Stressed,5,All-Hands Sync,Analytics,1,4,25%,MGR352,13,Yes,Done,Customer issue,"Word, Excel"
832,EMP74,09/17/2025,Design dashboard,"3,6","3,8",High,4,Tired,4,App QA Cycle,Analytics,1,1,100%,MGR380,14,No,Ongoing,Customer issue,"Figma, Power BI"
833,EMP59,10/14/2025,Write proposal,"1,5",2,High,2,Calm,6,App QA Cycle,QA,2,4,25%,MGR402,5,Yes,Delayed,Follow up required,"VSCode, GitHub"
834,EMP195,09/26/2025,Write proposal,"3,5","3,5",Low,1,Calm,8,Q4 Review Report,Analytics,0,0,75%,MGR347,6,Yes,Delayed,Revision requested,"JIRA, PyCharm"
835,EMP110,09/25/2025,Write report,"3,8","4,1",Low,1,Happy,7,CRM Update,IT,1,4,75%,MGR430,7,Yes,Delayed,Ready for submission,"Zoom, Slack"
836,EMP45,09/18/2025,Design dashboard,"2,9","2,7",Medium,6,Tired,4,All-Hands Sync,IT,1,1,100%,MGR370,10,No,Ongoing,Follow up required,"Word, Excel"
837,EMP194,09/18/2025,Design dashboard,"1,6","2,1",High,1,Calm,2,Q4 Review Report,Analytics,2,2,25%,MGR316,10,Yes,Delayed,Blocked by dependencies,Google Docs
838,EMP199,10/09/2025,Bug fixing,"3,6","3,7",Medium,4,Stressed,4,Client Dashboard,HR,1,1,25%,MGR352,7,No,Ongoing,Audit scheduled,"Zoom, Slack"
839,EMP20,09/20/2025,Code feature,"2,4","2,3",Low,6,Focused,8,Client Dashboard,HR,2,1,25%,MGR380,12,Yes,Done,Good team engagement,"Zoom, Slack"
840,EMP136,09/21/2025,Write report,"3,5","3,6",Low,4,Tired,6,Q4 Review Report,IT,1,0,25%,MGR302,11,No,Delayed,Audit scheduled,"Word, Excel"
841,EMP145,10/14/2025,Code feature,"3,5",4,Medium,1,Stressed,1,New Project RFP,HR,0,4,100%,MGR342,14,Yes,Done,Code reviewed twice,"Zoom, Slack"
842,EMP105,10/01/2025,Bug fixing,"3,2","3,1",Low,3,Focused,5,Client Dashboard,QA,1,2,75%,MGR303,15,No,Delayed,UI feedback pending,Google Docs
843,EMP189,10/14/2025,Write proposal,1,"1,1",Medium,1,Happy,9,Client Dashboard,Analytics,0,3,25%,MGR336,7,No,Done,Blocked by dependencies,Google Docs
844,EMP198,09/30/2025,Team meeting,"3,5",4,High,6,Stressed,4,App QA Cycle,Analytics,1,5,100%,MGR415,10,Yes,Delayed,UI feedback pending,"Zoom, Slack"
845,EMP120,10/05/2025,Bug fixing,"1,8","1,9",Medium,3,Calm,1,New Project RFP,Sales,2,2,100%,MGR331,8,No,Ongoing,UI feedback pending,"Zoom, Slack"
846,EMP48,09/17/2025,Bug fixing,"1,9","1,7",Low,2,Tired,3,New Project RFP,HR,2,4,25%,MGR377,9,No,Done,Ready for submission,"Word, Excel"
847,EMP136,09/18/2025,Code feature,2,2,Medium,7,Focused,2,Q4 Review Report,QA,1,0,75%,MGR390,12,Yes,Done,Ready for submission,"VSCode, GitHub"
848,EMP109,10/15/2025,Team meeting,"2,9","2,8",Low,6,Focused,3,Q4 Review Report,HR,0,5,25%,MGR410,11,Yes,Delayed,Blocked by dependencies,"Word, Excel"
849,EMP141,10/16/2025,Team meeting,"2,1","2,6",High,7,Tired,7,App QA Cycle,Analytics,1,2,100%,MGR379,4,No,Ongoing,UI feedback pending,Google Docs
850,EMP55,10/08/2025,Code feature,"3,3","3,1",Medium,2,Tired,9,CRM Update,HR,1,0,50%,MGR418,10,Yes,Delayed,Follow up required,"Word, Excel"
851,EMP55,10/03/2025,Bug fixing,"1,9","1,8",Low,3,Focused,6,App QA Cycle,HR,1,3,75%,MGR405,9,Yes,Ongoing,Needed extra research,"JIRA, PyCharm"
852,EMP42,10/11/2025,Code feature,"2,6","2,7",Low,3,Calm,10,New Project RFP,HR,0,4,100%,MGR375,2,No,Done,Follow up required,"Figma, Power BI"
853,EMP21,10/01/2025,Write proposal,2,"2,3",Medium,7,Stressed,2,Q4 Review Report,HR,2,0,50%,MGR324,15,No,Ongoing,Customer issue,"Figma, Power BI"
854,EMP104,10/14/2025,Write report,"1,5",2,High,6,Focused,9,Client Dashboard,Analytics,2,1,100%,MGR336,10,No,Done,Blocked by dependencies,"Figma, Power BI"
855,EMP183,10/14/2025,Code feature,"1,3","1,6",Medium,6,Happy,1,App QA Cycle,Sales,2,1,0%,MGR317,2,Yes,Ongoing,Code reviewed twice,Google Docs
856,EMP44,09/24/2025,Code feature,"1,5","1,8",High,4,Stressed,9,App QA Cycle,QA,0,0,50%,MGR403,9,Yes,Done,Revision requested,"Zoom, Slack"
857,EMP176,10/08/2025,Bug fixing,"1,2","1,4",Low,5,Stressed,7,CRM Update,Analytics,0,1,25%,MGR343,10,Yes,Delayed,Customer issue,"Zoom, Slack"
858,EMP94,10/08/2025,Write report,"1,5","1,8",Low,4,Happy,5,App QA Cycle,QA,2,0,75%,MGR406,15,No,Done,Needed extra research,"Zoom, Slack"
859,EMP137,09/20/2025,Write proposal,"1,2","1,3",Medium,1,Focused,5,Q4 Review Report,Sales,1,0,50%,MGR335,9,No,Delayed,Needed extra research,"VSCode, GitHub"
860,EMP111,10/03/2025,Write proposal,"2,4","2,2",High,3,Focused,7,New Project RFP,Analytics,0,5,25%,MGR390,12,No,Delayed,Good team engagement,"Zoom, Slack"
861,EMP188,09/26/2025,Bug fixing,"2,9","3,1",High,7,Tired,7,App QA Cycle,Sales,2,1,100%,MGR429,14,No,Done,UI feedback pending,Google Docs
862,EMP168,09/28/2025,Write proposal,"3,6","3,4",Low,7,Tired,2,Q4 Review Report,Analytics,2,1,25%,MGR324,12,Yes,Delayed,Customer issue,"Zoom, Slack"
863,EMP79,10/11/2025,Design dashboard,"3,9","4,4",High,1,Calm,7,App QA Cycle,Analytics,0,4,50%,MGR329,2,Yes,Delayed,UI feedback pending,Google Docs
864,EMP181,10/13/2025,Write report,"2,3","2,5",High,3,Stressed,8,App QA Cycle,IT,2,4,100%,MGR351,5,No,Delayed,Customer issue,"Figma, Power BI"
865,EMP93,09/24/2025,Code feature,"1,4","1,9",Low,2,Tired,9,CRM Update,Analytics,2,0,0%,MGR352,2,Yes,Done,UI feedback pending,"JIRA, PyCharm"
866,EMP165,10/04/2025,Write report,"2,2","2,7",Medium,2,Focused,8,CRM Update,IT,2,3,100%,MGR390,7,Yes,Done,Customer issue,"JIRA, PyCharm"
867,EMP180,09/29/2025,Write report,"1,1",1,Low,1,Calm,9,All-Hands Sync,Analytics,0,3,25%,MGR313,11,No,Done,Blocked by dependencies,"Zoom, Slack"
868,EMP84,09/29/2025,Design dashboard,"2,1","2,3",Medium,1,Calm,5,Q4 Review Report,Sales,2,1,100%,MGR428,6,No,Ongoing,Needed extra research,Google Docs
869,EMP198,10/15/2025,Write report,"1,8","1,7",Low,4,Happy,1,Q4 Review Report,HR,1,2,25%,MGR385,14,Yes,Done,Blocked by dependencies,Google Docs
870,EMP104,10/16/2025,Design dashboard,"2,3","2,1",High,2,Tired,2,New Project RFP,Sales,2,0,50%,MGR318,8,Yes,Ongoing,Customer issue,"VSCode, GitHub"
871,EMP89,10/10/2025,Write report,"2,4","2,7",High,1,Tired,9,CRM Update,HR,1,3,50%,MGR358,2,Yes,Done,Blocked by dependencies,Google Docs
872,EMP175,10/14/2025,Bug fixing,"2,3","2,8",Low,6,Stressed,9,App QA Cycle,Analytics,1,3,25%,MGR410,13,No,Ongoing,Good team engagement,"Word, Excel"
873,EMP132,09/20/2025,Write proposal,"3,6","3,5",Medium,3,Calm,6,App QA Cycle,Analytics,0,1,0%,MGR302,5,No,Ongoing,Revision requested,Google Docs
874,EMP31,10/12/2025,Write report,"3,4","3,9",Low,2,Stressed,2,Q4 Review Report,IT,1,1,50%,MGR311,7,No,Ongoing,Blocked by dependencies,"Zoom, Slack"
875,EMP53,10/06/2025,Bug fixing,"1,9",2,Medium,6,Stressed,2,Q4 Review Report,HR,2,1,75%,MGR391,15,Yes,Delayed,Ready for submission,"Zoom, Slack"
876,EMP161,09/26/2025,Design dashboard,"3,3","3,6",High,5,Happy,6,Client Dashboard,Sales,2,0,0%,MGR388,8,No,Delayed,Code reviewed twice,"VSCode, GitHub"
877,EMP55,10/13/2025,Write proposal,3,"3,2",High,3,Focused,4,Q4 Review Report,HR,2,1,0%,MGR360,13,No,Ongoing,Customer issue,"Word, Excel"
878,EMP25,10/02/2025,Write report,"3,6","3,4",Medium,3,Focused,7,All-Hands Sync,Analytics,0,2,100%,MGR398,9,Yes,Delayed,Follow up required,"JIRA, PyCharm"
879,EMP31,09/24/2025,Code feature,"1,5","1,8",Medium,2,Tired,9,Q4 Review Report,HR,0,4,50%,MGR306,11,No,Delayed,Audit scheduled,"VSCode, GitHub"
880,EMP27,09/27/2025,Design dashboard,"3,2","3,1",Low,4,Tired,1,Q4 Review Report,Sales,1,5,50%,MGR418,8,No,Done,Follow up required,"JIRA, PyCharm"
881,EMP80,09/21/2025,Write report,"2,3","2,5",Medium,7,Happy,2,CRM Update,Sales,1,2,100%,MGR401,2,No,Delayed,Ready for submission,"Figma, Power BI"
882,EMP84,10/12/2025,Design dashboard,"3,9","4,1",Low,1,Stressed,5,New Project RFP,HR,1,1,75%,MGR418,2,No,Done,Customer issue,"Word, Excel"
883,EMP111,10/02/2025,Design dashboard,"1,8",2,Low,2,Tired,1,New Project RFP,Analytics,1,4,100%,MGR380,3,No,Done,Ready for submission,"Zoom, Slack"
884,EMP86,10/14/2025,Bug fixing,"1,9",2,High,2,Calm,3,New Project RFP,Analytics,0,0,0%,MGR347,12,No,Ongoing,UI feedback pending,"Word, Excel"
885,EMP161,10/09/2025,Code feature,"3,7","3,6",High,6,Happy,5,Q4 Review Report,HR,2,5,0%,MGR360,7,Yes,Done,Revision requested,"JIRA, PyCharm"
886,EMP48,10/03/2025,Write report,"3,2","3,4",High,2,Happy,10,All-Hands Sync,QA,0,5,75%,MGR372,4,Yes,Delayed,Audit scheduled,"Zoom, Slack"
887,EMP105,09/30/2025,Design dashboard,"1,1","1,1",Medium,4,Happy,10,Q4 Review Report,IT,1,0,50%,MGR338,11,Yes,Done,Audit scheduled,"VSCode, GitHub"
888,EMP100,10/03/2025,Design dashboard,"3,1","3,2",Low,5,Focused,6,CRM Update,QA,2,0,25%,MGR397,14,Yes,Done,Blocked by dependencies,Google Docs
889,EMP148,10/05/2025,Design dashboard,"3,6","3,8",Low,6,Tired,9,Client Dashboard,Analytics,2,0,100%,MGR420,12,No,Delayed,Ready for submission,"VSCode, GitHub"
890,EMP167,09/26/2025,Code feature,"3,9","3,7",Medium,2,Happy,4,App QA Cycle,HR,2,0,25%,MGR413,13,No,Delayed,Code reviewed twice,"Zoom, Slack"
891,EMP163,10/03/2025,Write report,"1,6","2,1",Medium,6,Tired,10,CRM Update,QA,1,1,100%,MGR332,10,Yes,Delayed,Audit scheduled,"Figma, Power BI"
892,EMP55,10/06/2025,Team meeting,"3,3","3,2",Medium,3,Happy,2,Q4 Review Report,QA,1,4,25%,MGR426,12,Yes,Done,Customer issue,"Word, Excel"
893,EMP62,09/20/2025,Bug fixing,"2,4","2,5",Medium,7,Focused,8,Client Dashboard,Analytics,0,0,75%,MGR306,13,Yes,Done,Good team engagement,Google Docs
894,EMP155,10/16/2025,Bug fixing,"3,3","3,5",Medium,3,Calm,7,Client Dashboard,Sales,0,5,50%,MGR330,7,No,Ongoing,Audit scheduled,Google Docs
895,EMP47,10/10/2025,Write report,"3,4","3,7",High,6,Happy,8,App QA Cycle,QA,2,3,50%,MGR422,13,Yes,Ongoing,Good team engagement,"Figma, Power BI"
896,EMP170,10/16/2025,Write proposal,"1,1","1,4",High,2,Stressed,10,New Project RFP,HR,2,5,75%,MGR397,7,No,Done,Revision requested,"Figma, Power BI"
897,EMP170,09/25/2025,Write report,"3,9","4,2",High,3,Tired,6,Q4 Review Report,Sales,2,4,100%,MGR430,15,No,Delayed,UI feedback pending,"JIRA, PyCharm"
898,EMP101,10/11/2025,Code feature,"3,4","3,4",High,1,Calm,7,New Project RFP,HR,2,4,50%,MGR325,7,No,Done,Code reviewed twice,"Zoom, Slack"
899,EMP90,10/02/2025,Bug fixing,1,1,High,2,Happy,5,New Project RFP,Analytics,0,5,50%,MGR336,3,Yes,Ongoing,Revision requested,"VSCode, GitHub"
900,EMP27,10/06/2025,Write report,"1,4","1,7",Low,5,Calm,1,App QA Cycle,Analytics,1,1,50%,MGR409,13,No,Ongoing,Good team engagement,"JIRA, PyCharm"
901,EMP95,10/16/2025,Write report,"1,7","1,7",Low,6,Stressed,8,App QA Cycle,QA,1,0,25%,MGR371,13,Yes,Delayed,Code reviewed twice,"Figma, Power BI"
902,EMP76,10/10/2025,Write report,"1,6","1,6",Medium,2,Focused,6,All-Hands Sync,QA,2,5,100%,MGR318,13,No,Done,Follow up required,"Word, Excel"
903,EMP153,09/27/2025,Code feature,"1,5","1,3",Low,6,Stressed,1,CRM Update,IT,2,3,25%,MGR350,6,No,Done,Customer issue,"VSCode, GitHub"
904,EMP147,09/26/2025,Code feature,"2,7","3,2",High,6,Stressed,9,Client Dashboard,IT,0,3,0%,MGR425,10,Yes,Ongoing,Good team engagement,"Word, Excel"
905,EMP127,10/09/2025,Team meeting,"2,8",3,Low,4,Focused,4,Client Dashboard,HR,1,4,25%,MGR376,15,Yes,Delayed,Customer issue,"JIRA, PyCharm"
906,EMP181,09/29/2025,Write proposal,4,4,Medium,5,Tired,5,Q4 Review Report,IT,0,2,75%,MGR414,7,Yes,Ongoing,Follow up required,"Word, Excel"
907,EMP65,10/01/2025,Team meeting,1,"1,1",Low,1,Happy,7,Client Dashboard,IT,1,3,100%,MGR405,12,Yes,Done,Ready for submission,"Zoom, Slack"
908,EMP149,09/23/2025,Bug fixing,3,"3,1",High,5,Happy,5,Client Dashboard,HR,1,3,75%,MGR408,8,No,Done,Ready for submission,"JIRA, PyCharm"
909,EMP76,09/27/2025,Design dashboard,"2,4","2,3",High,3,Tired,7,CRM Update,Sales,0,4,25%,MGR328,11,No,Done,Audit scheduled,Google Docs
910,EMP25,10/17/2025,Design dashboard,"3,2","3,4",High,7,Tired,2,Client Dashboard,HR,1,4,0%,MGR312,10,Yes,Delayed,Revision requested,"VSCode, GitHub"
911,EMP60,10/13/2025,Write proposal,"3,1","3,1",Medium,7,Calm,5,CRM Update,HR,1,3,25%,MGR363,2,Yes,Done,Revision requested,"Word, Excel"
912,EMP148,09/29/2025,Bug fixing,"3,9","3,9",High,2,Happy,5,Q4 Review Report,IT,2,5,25%,MGR308,6,Yes,Delayed,Follow up required,"VSCode, GitHub"
913,EMP89,10/14/2025,Write report,"1,1",1,High,1,Focused,7,Q4 Review Report,Analytics,2,4,100%,MGR338,3,No,Done,Audit scheduled,"Zoom, Slack"
914,EMP102,09/30/2025,Write proposal,"3,2","3,2",Low,1,Happy,5,App QA Cycle,IT,0,2,100%,MGR420,8,No,Delayed,Code reviewed twice,"VSCode, GitHub"
915,EMP124,10/04/2025,Team meeting,"1,7","1,7",Medium,3,Focused,9,CRM Update,QA,0,3,75%,MGR395,14,Yes,Delayed,Blocked by dependencies,Google Docs
916,EMP26,09/29/2025,Code feature,"2,7","2,6",Medium,3,Tired,10,Q4 Review Report,HR,1,1,0%,MGR324,10,Yes,Done,Customer issue,Google Docs
917,EMP83,09/19/2025,Code feature,"2,5","2,3",Medium,5,Tired,9,Client Dashboard,Sales,0,0,75%,MGR364,8,No,Ongoing,UI feedback pending,"VSCode, GitHub"
918,EMP29,09/27/2025,Design dashboard,"1,6","1,6",Low,5,Tired,1,All-Hands Sync,IT,2,3,100%,MGR427,7,Yes,Delayed,Customer issue,"Figma, Power BI"
919,EMP143,10/03/2025,Write proposal,"2,7","2,8",Low,6,Stressed,2,App QA Cycle,Analytics,1,1,0%,MGR341,10,Yes,Done,Blocked by dependencies,"JIRA, PyCharm"
920,EMP49,09/18/2025,Bug fixing,2,"2,1",Medium,2,Focused,8,CRM Update,Sales,1,3,0%,MGR375,3,No,Delayed,Ready for submission,Google Docs
921,EMP102,10/06/2025,Team meeting,"2,6","2,6",Low,6,Calm,3,All-Hands Sync,Sales,2,1,100%,MGR395,10,No,Delayed,Customer issue,"VSCode, GitHub"
922,EMP104,10/16/2025,Design dashboard,"2,1","2,1",Low,7,Calm,3,New Project RFP,QA,0,2,75%,MGR345,4,No,Done,Needed extra research,"Zoom, Slack"
923,EMP199,09/23/2025,Code feature,"3,5","3,6",Low,1,Focused,8,All-Hands Sync,Analytics,0,4,75%,MGR340,3,No,Ongoing,Revision requested,"VSCode, GitHub"
924,EMP108,10/07/2025,Write report,"2,2","2,3",High,3,Happy,7,New Project RFP,HR,1,4,75%,MGR365,10,Yes,Done,Audit scheduled,"VSCode, GitHub"
925,EMP46,10/10/2025,Code feature,"3,9",4,Medium,2,Happy,10,Q4 Review Report,IT,2,4,75%,MGR384,11,No,Ongoing,Audit scheduled,"Figma, Power BI"
926,EMP141,09/23/2025,Code feature,"3,1","3,2",High,7,Calm,4,Q4 Review Report,Sales,0,1,25%,MGR421,15,Yes,Delayed,Code reviewed twice,"Word, Excel"
927,EMP55,10/03/2025,Bug fixing,"3,5","3,6",Medium,6,Tired,6,All-Hands Sync,Sales,0,1,100%,MGR400,8,No,Ongoing,Customer issue,"Zoom, Slack"
928,EMP99,10/13/2025,Write proposal,"1,5","1,5",Medium,5,Stressed,10,CRM Update,IT,2,2,25%,MGR411,10,No,Delayed,Ready for submission,"Figma, Power BI"
929,EMP50,10/04/2025,Bug fixing,"3,9","4,4",Low,3,Calm,1,All-Hands Sync,QA,2,2,75%,MGR354,11,Yes,Delayed,UI feedback pending,"VSCode, GitHub"
930,EMP22,09/23/2025,Bug fixing,"3,1","2,9",Medium,5,Calm,1,New Project RFP,HR,1,0,50%,MGR364,10,Yes,Ongoing,Ready for submission,"Word, Excel"
931,EMP185,09/25/2025,Design dashboard,"2,8","2,8",Medium,4,Stressed,5,All-Hands Sync,Analytics,2,0,75%,MGR416,9,Yes,Delayed,Revision requested,"Word, Excel"
932,EMP29,09/28/2025,Write report,"1,2","1,2",Low,6,Calm,3,CRM Update,Analytics,1,0,0%,MGR413,12,Yes,Delayed,Code reviewed twice,Google Docs
933,EMP91,10/14/2025,Code feature,"3,1","3,2",Low,5,Stressed,6,Client Dashboard,HR,2,1,100%,MGR393,10,Yes,Ongoing,Follow up required,"JIRA, PyCharm"
934,EMP190,10/08/2025,Write report,"2,9","3,2",High,2,Focused,3,Client Dashboard,HR,0,1,75%,MGR311,6,Yes,Ongoing,Revision requested,"JIRA, PyCharm"
935,EMP64,10/07/2025,Design dashboard,2,"2,2",High,3,Happy,9,All-Hands Sync,Analytics,1,3,100%,MGR322,11,No,Done,Code reviewed twice,"Word, Excel"
936,EMP66,10/10/2025,Write report,"2,5","2,7",High,3,Focused,1,CRM Update,Analytics,0,5,50%,MGR417,3,Yes,Delayed,Blocked by dependencies,"Figma, Power BI"
937,EMP53,09/26/2025,Write report,"3,7",4,Medium,6,Happy,3,All-Hands Sync,IT,2,2,75%,MGR357,15,Yes,Delayed,Blocked by dependencies,"VSCode, GitHub"
938,EMP95,09/25/2025,Design dashboard,"2,8","2,6",Medium,3,Stressed,8,All-Hands Sync,Sales,1,2,100%,MGR415,15,Yes,Done,Audit scheduled,"JIRA, PyCharm"
939,EMP59,10/04/2025,Write proposal,"2,4","2,6",High,6,Tired,6,Client Dashboard,HR,0,2,100%,MGR368,3,Yes,Delayed,Blocked by dependencies,"JIRA, PyCharm"
940,EMP86,09/18/2025,Write report,"1,1","1,4",Low,6,Calm,8,CRM Update,QA,2,2,50%,MGR396,12,Yes,Delayed,Code reviewed twice,"Figma, Power BI"
941,EMP111,10/14/2025,Write report,"3,2","3,4",High,4,Tired,6,All-Hands Sync,Analytics,0,2,50%,MGR341,9,Yes,Done,Customer issue,Google Docs
942,EMP136,10/05/2025,Write proposal,"3,2","3,5",Low,4,Tired,8,CRM Update,HR,2,2,100%,MGR386,9,No,Delayed,Needed extra research,"VSCode, GitHub"
943,EMP149,09/20/2025,Bug fixing,"1,7","2,2",Medium,7,Happy,10,App QA Cycle,Sales,0,1,100%,MGR342,6,Yes,Ongoing,Good team engagement,"VSCode, GitHub"
944,EMP189,09/27/2025,Write report,"2,4","2,6",High,3,Calm,6,App QA Cycle,QA,0,3,0%,MGR337,5,Yes,Delayed,Ready for submission,"Word, Excel"
945,EMP67,09/24/2025,Code feature,"1,7","1,6",Medium,1,Calm,3,Client Dashboard,Sales,1,0,75%,MGR340,7,Yes,Delayed,Revision requested,"Figma, Power BI"
946,EMP120,10/09/2025,Code feature,"2,4","2,9",Medium,6,Tired,8,Client Dashboard,IT,0,3,25%,MGR381,14,Yes,Delayed,UI feedback pending,"Zoom, Slack"
947,EMP192,10/10/2025,Bug fixing,"1,5","1,4",Low,4,Focused,2,All-Hands Sync,QA,2,5,100%,MGR306,5,Yes,Done,UI feedback pending,"Zoom, Slack"
948,EMP107,10/03/2025,Write report,"2,3","2,5",Low,5,Tired,2,Client Dashboard,IT,0,3,25%,MGR311,5,No,Delayed,Code reviewed twice,"Zoom, Slack"
949,EMP118,10/07/2025,Code feature,"1,5","1,3",Medium,2,Happy,5,App QA Cycle,QA,0,2,75%,MGR345,4,No,Ongoing,Revision requested,"Word, Excel"
950,EMP139,10/12/2025,Write report,"3,2",3,Medium,6,Stressed,7,Q4 Review Report,IT,1,1,100%,MGR429,8,No,Done,Customer issue,"Figma, Power BI"
951,EMP191,09/29/2025,Bug fixing,2,2,High,3,Tired,5,Client Dashboard,Analytics,2,3,100%,MGR395,14,No,Ongoing,UI feedback pending,Google Docs
952,EMP113,09/20/2025,Code feature,"2,5","2,8",Medium,5,Tired,2,CRM Update,Analytics,1,5,100%,MGR366,5,No,Delayed,Needed extra research,"JIRA, PyCharm"
953,EMP92,09/18/2025,Write report,"1,6","1,8",Medium,4,Happy,1,New Project RFP,HR,1,3,50%,MGR375,14,Yes,Ongoing,Ready for submission,"VSCode, GitHub"
954,EMP95,09/28/2025,Bug fixing,"1,7","1,5",High,4,Happy,5,Client Dashboard,Analytics,2,0,50%,MGR309,10,No,Done,Good team engagement,"Word, Excel"
955,EMP156,09/20/2025,Code feature,"1,1","1,1",Low,2,Tired,7,All-Hands Sync,HR,1,5,100%,MGR362,15,No,Done,Code reviewed twice,"Zoom, Slack"
956,EMP115,09/18/2025,Code feature,"3,5","3,5",Low,6,Stressed,7,New Project RFP,Analytics,1,5,50%,MGR408,8,Yes,Done,Ready for submission,"Figma, Power BI"
957,EMP187,10/10/2025,Write report,"3,6","3,5",Medium,1,Calm,10,All-Hands Sync,HR,2,4,100%,MGR362,13,Yes,Delayed,Audit scheduled,"JIRA, PyCharm"
958,EMP75,10/11/2025,Bug fixing,"2,2","2,5",Medium,6,Calm,5,New Project RFP,Analytics,2,3,25%,MGR372,6,Yes,Delayed,Blocked by dependencies,"Word, Excel"
959,EMP126,10/08/2025,Code feature,"2,9","3,2",Medium,3,Tired,10,Client Dashboard,HR,0,1,25%,MGR304,13,No,Done,Code reviewed twice,Google Docs
960,EMP93,10/10/2025,Design dashboard,"2,1","2,4",Low,7,Tired,10,App QA Cycle,Sales,1,4,75%,MGR421,10,Yes,Delayed,UI feedback pending,"Zoom, Slack"
961,EMP108,10/13/2025,Bug fixing,"2,5","2,6",High,4,Tired,4,New Project RFP,IT,2,3,50%,MGR403,2,Yes,Ongoing,Customer issue,Google Docs
962,EMP108,09/19/2025,Code feature,"3,6","3,6",Low,5,Happy,5,All-Hands Sync,HR,1,5,75%,MGR307,4,Yes,Ongoing,UI feedback pending,Google Docs
963,EMP130,09/30/2025,Write report,"2,3","2,8",Medium,5,Tired,4,App QA Cycle,Sales,0,3,100%,MGR331,3,No,Done,Blocked by dependencies,"Word, Excel"
964,EMP166,09/26/2025,Code feature,"2,2","2,5",High,7,Tired,9,App QA Cycle,HR,0,3,100%,MGR371,7,No,Ongoing,Code reviewed twice,"Figma, Power BI"
965,EMP195,10/17/2025,Design dashboard,"3,6","3,7",Low,3,Focused,9,New Project RFP,QA,0,3,75%,MGR418,6,No,Done,Good team engagement,"JIRA, PyCharm"
966,EMP93,09/17/2025,Write proposal,"3,4","3,3",Medium,7,Tired,3,Client Dashboard,Analytics,1,4,75%,MGR407,8,Yes,Ongoing,Needed extra research,Google Docs
967,EMP77,09/21/2025,Write proposal,"1,8",2,Low,5,Stressed,10,New Project RFP,QA,0,2,100%,MGR363,4,No,Ongoing,Code reviewed twice,"Zoom, Slack"
968,EMP25,10/10/2025,Write proposal,"1,9","2,4",Low,4,Focused,9,CRM Update,IT,1,2,25%,MGR344,9,Yes,Delayed,Good team engagement,"Zoom, Slack"
969,EMP36,10/15/2025,Write report,"1,6","2,1",High,5,Tired,8,CRM Update,Sales,1,1,25%,MGR418,10,Yes,Ongoing,UI feedback pending,"VSCode, GitHub"
970,EMP82,10/01/2025,Design dashboard,"2,4","2,9",High,1,Stressed,7,New Project RFP,QA,1,0,75%,MGR366,13,Yes,Ongoing,Audit scheduled,"Figma, Power BI"
971,EMP156,10/09/2025,Write report,"3,2","3,4",Medium,4,Stressed,5,App QA Cycle,Analytics,1,3,100%,MGR412,8,Yes,Done,Good team engagement,"Zoom, Slack"
972,EMP168,10/11/2025,Write report,"3,3","3,6",Low,2,Happy,7,Client Dashboard,HR,0,1,75%,MGR353,6,Yes,Delayed,Code reviewed twice,"JIRA, PyCharm"
973,EMP145,10/11/2025,Code feature,"3,7","3,6",Medium,3,Happy,8,All-Hands Sync,QA,2,2,100%,MGR370,11,Yes,Done,Good team engagement,Google Docs
974,EMP93,09/17/2025,Code feature,"2,9","2,7",Medium,5,Happy,5,All-Hands Sync,IT,2,5,50%,MGR421,13,No,Ongoing,Ready for submission,"VSCode, GitHub"
975,EMP197,09/21/2025,Code feature,"3,9","3,8",Low,3,Tired,5,Client Dashboard,IT,0,1,100%,MGR377,4,Yes,Delayed,UI feedback pending,"Figma, Power BI"
976,EMP150,10/10/2025,Write proposal,"2,2",2,Medium,4,Focused,3,All-Hands Sync,IT,2,4,50%,MGR395,8,No,Ongoing,Good team engagement,Google Docs
977,EMP143,09/22/2025,Bug fixing,"2,5","2,3",Medium,1,Stressed,6,CRM Update,HR,0,1,25%,MGR371,11,Yes,Ongoing,Blocked by dependencies,"Zoom, Slack"
978,EMP147,10/01/2025,Write proposal,"1,3","1,8",Low,1,Focused,4,Client Dashboard,IT,1,5,0%,MGR402,12,Yes,Delayed,Revision requested,"Word, Excel"
979,EMP89,10/04/2025,Write proposal,"2,3","2,2",Low,5,Stressed,1,App QA Cycle,Sales,2,1,25%,MGR365,14,Yes,Ongoing,Blocked by dependencies,"VSCode, GitHub"
980,EMP196,10/09/2025,Bug fixing,"2,1","2,2",High,1,Focused,5,New Project RFP,HR,0,5,25%,MGR316,4,No,Done,Blocked by dependencies,"VSCode, GitHub"
981,EMP82,10/05/2025,Write proposal,"1,3","1,3",Medium,4,Stressed,9,Q4 Review Report,HR,2,0,25%,MGR422,3,No,Done,Customer issue,"VSCode, GitHub"
982,EMP45,10/04/2025,Write proposal,"2,2","2,2",High,5,Tired,5,New Project RFP,Analytics,2,3,0%,MGR413,14,Yes,Ongoing,Audit scheduled,"JIRA, PyCharm"
983,EMP20,09/25/2025,Bug fixing,"2,2","2,4",Low,3,Tired,3,All-Hands Sync,Sales,1,4,50%,MGR376,6,Yes,Delayed,Ready for submission,"Figma, Power BI"
984,EMP163,10/03/2025,Team meeting,3,"2,9",Low,4,Stressed,3,App QA Cycle,Analytics,1,4,75%,MGR426,4,Yes,Done,Follow up required,"Figma, Power BI"
985,EMP97,09/20/2025,Bug fixing,"2,8","3,1",Medium,6,Focused,3,CRM Update,Analytics,0,1,50%,MGR428,6,No,Ongoing,Customer issue,"Word, Excel"
986,EMP195,09/26/2025,Write proposal,"1,4","1,9",High,5,Calm,6,CRM Update,IT,1,1,25%,MGR340,7,No,Ongoing,Audit scheduled,"JIRA, PyCharm"
987,EMP88,09/24/2025,Team meeting,"1,7","1,6",Medium,7,Happy,6,CRM Update,HR,1,5,50%,MGR380,9,No,Delayed,Audit scheduled,"JIRA, PyCharm"
988,EMP126,09/17/2025,Bug fixing,"1,7","1,9",High,4,Happy,3,App QA Cycle,HR,0,5,25%,MGR353,12,No,Delayed,UI feedback pending,"Word, Excel"
989,EMP102,09/30/2025,Bug fixing,"2,3","2,4",Medium,5,Focused,4,CRM Update,Sales,2,3,50%,MGR327,3,Yes,Done,UI feedback pending,"Figma, Power BI"
990,EMP142,10/17/2025,Design dashboard,"2,3","2,6",Low,4,Stressed,7,Client Dashboard,QA,0,2,100%,MGR396,2,Yes,Done,UI feedback pending,"Zoom, Slack"
991,EMP157,09/28/2025,Bug fixing,"3,5","3,5",Medium,1,Tired,3,Client Dashboard,Analytics,1,5,75%,MGR338,15,Yes,Ongoing,Ready for submission,Google Docs
992,EMP71,10/04/2025,Write report,"2,3","2,5",Medium,2,Happy,10,New Project RFP,HR,2,4,50%,MGR305,4,Yes,Ongoing,UI feedback pending,"Zoom, Slack"
993,EMP134,10/10/2025,Code feature,"3,8","3,8",High,3,Tired,4,App QA Cycle,HR,1,1,50%,MGR365,11,Yes,Done,Code reviewed twice,"Figma, Power BI"
994,EMP125,09/30/2025,Bug fixing,"1,5","1,8",Medium,7,Stressed,9,Q4 Review Report,Sales,1,0,100%,MGR411,2,No,Ongoing,Customer issue,"Zoom, Slack"
995,EMP167,09/27/2025,Design dashboard,"2,1","2,3",High,6,Stressed,10,Q4 Review Report,Sales,0,4,25%,MGR322,11,No,Ongoing,Blocked by dependencies,"Word, Excel"
996,EMP195,09/30/2025,Team meeting,"3,2","3,7",Medium,4,Calm,6,Q4 Review Report,IT,2,4,50%,MGR416,10,No,Done,Follow up required,Google Docs
997,EMP95,09/17/2025,Write proposal,"2,6","2,6",Medium,1,Stressed,4,All-Hands Sync,QA,0,2,25%,MGR383,10,No,Ongoing,Blocked by dependencies,Google Docs
998,EMP110,10/15/2025,Design dashboard,"3,5","3,8",Low,2,Calm,3,CRM Update,HR,0,0,0%,MGR310,14,Yes,Ongoing,UI feedback pending,"Word, Excel"
999,EMP103,10/14/2025,Team meeting,"2,3","2,2",High,6,Calm,4,All-Hands Sync,IT,1,2,25%,MGR355,14,No,Done,Good team engagement,"JIRA, PyCharm"
1000,EMP51,10/13/2025,Bug fixing,"3,6","3,9",High,4,Calm,7,Q4 Review Report,QA,1,3,25%,MGR352,14,No,Ongoing,Code reviewed twice,"Word, Excel"
1001,EMP64,10/03/2025,Write proposal,"2,6","2,9",Low,5,Stressed,3,CRM Update,Analytics,1,5,100%,MGR391,13,No,Delayed,Blocked by dependencies,"VSCode, GitHub"
1002,EMP43,10/12/2025,Write proposal,"1,8","1,9",Medium,4,Happy,9,Q4 Review Report,QA,0,0,75%,MGR407,8,Yes,Delayed,UI feedback pending,"Zoom, Slack"
1003,EMP36,09/30/2025,Design dashboard,"1,4","1,9",Medium,2,Stressed,7,App QA Cycle,Analytics,1,5,50%,MGR311,4,Yes,Done,Audit scheduled,"Word, Excel"
1004,EMP52,10/03/2025,Code feature,"3,8","4,3",High,6,Tired,1,Q4 Review Report,Sales,0,5,50%,MGR395,11,No,Done,Follow up required,"VSCode, GitHub"
1005,EMP64,10/16/2025,Write proposal,"2,9","3,1",High,6,Calm,6,Q4 Review Report,IT,0,3,25%,MGR378,8,No,Delayed,Audit scheduled,"Zoom, Slack"
1006,EMP27,10/12/2025,Write report,"2,4","2,9",Medium,1,Tired,1,Client Dashboard,IT,1,0,100%,MGR396,14,Yes,Done,Code reviewed twice,"Word, Excel"
1007,EMP109,10/15/2025,Code feature,"1,3","1,3",High,4,Stressed,2,App QA Cycle,QA,1,4,75%,MGR334,15,Yes,Delayed,Customer issue,"JIRA, PyCharm"
1008,EMP85,09/21/2025,Team meeting,"2,5","2,3",Low,5,Happy,10,Client Dashboard,Analytics,1,3,100%,MGR350,4,Yes,Ongoing,Good team engagement,"VSCode, GitHub"
1009,EMP77,10/08/2025,Write report,"3,1","3,4",Low,1,Tired,5,New Project RFP,Analytics,0,1,50%,MGR347,13,No,Delayed,Customer issue,"Figma, Power BI"
1010,EMP171,10/03/2025,Write proposal,4,"4,2",Low,3,Calm,6,App QA Cycle,HR,2,1,100%,MGR308,13,No,Ongoing,Needed extra research,"VSCode, GitHub"
1011,EMP66,09/17/2025,Code feature,1,"1,1",Low,1,Calm,3,App QA Cycle,HR,0,4,75%,MGR423,15,No,Done,Audit scheduled,"JIRA, PyCharm"
1012,EMP135,09/23/2025,Bug fixing,2,"2,5",Low,3,Focused,8,Q4 Review Report,HR,2,4,50%,MGR386,4,No,Delayed,Customer issue,Google Docs
1013,EMP136,10/08/2025,Write report,"3,6","3,5",Low,7,Happy,9,All-Hands Sync,Analytics,1,3,0%,MGR332,3,Yes,Delayed,Code reviewed twice,"Word, Excel"
1014,EMP160,10/09/2025,Team meeting,"1,8",2,High,7,Happy,5,App QA Cycle,QA,2,0,100%,MGR346,8,Yes,Done,Blocked by dependencies,"Word, Excel"
1015,EMP70,10/10/2025,Design dashboard,"2,5","2,8",Medium,5,Focused,3,New Project RFP,Sales,2,0,100%,MGR392,10,Yes,Ongoing,Revision requested,"VSCode, GitHub"
1016,EMP115,09/22/2025,Write report,"2,6","2,5",Low,2,Focused,4,Client Dashboard,IT,2,4,75%,MGR351,6,Yes,Delayed,Ready for submission,"JIRA, PyCharm"
1017,EMP153,09/30/2025,Bug fixing,"1,1","1,6",Medium,3,Calm,5,Q4 Review Report,Analytics,1,5,100%,MGR379,5,Yes,Done,Follow up required,"VSCode, GitHub"
1018,EMP56,10/02/2025,Code feature,"1,4","1,5",High,4,Calm,7,App QA Cycle,Sales,0,1,50%,MGR318,5,No,Done,Follow up required,"Word, Excel"
1019,EMP169,10/17/2025,Design dashboard,"1,6","1,5",High,2,Tired,3,Client Dashboard,HR,1,0,0%,MGR379,10,Yes,Ongoing,Audit scheduled,"JIRA, PyCharm"
1020,EMP79,10/08/2025,Bug fixing,"1,5",2,Medium,7,Stressed,9,Client Dashboard,Sales,1,1,0%,MGR387,6,Yes,Delayed,Ready for submission,"Word, Excel"
1021,EMP180,10/01/2025,Bug fixing,"1,3","1,8",Low,2,Tired,5,CRM Update,Sales,0,0,100%,MGR392,5,No,Ongoing,Follow up required,"JIRA, PyCharm"
1022,EMP34,10/07/2025,Write report,"2,3","2,8",Medium,7,Happy,5,Client Dashboard,Sales,1,3,50%,MGR391,3,Yes,Done,Customer issue,"VSCode, GitHub"
1023,EMP169,10/02/2025,Code feature,"3,9","3,8",Low,4,Happy,2,Client Dashboard,QA,2,4,100%,MGR396,11,No,Done,Audit scheduled,"Word, Excel"
1024,EMP171,10/13/2025,Design dashboard,"3,1",3,High,5,Stressed,2,CRM Update,HR,2,5,100%,MGR407,15,No,Ongoing,Needed extra research,"Zoom, Slack"
1025,EMP185,10/12/2025,Bug fixing,"3,9","4,1",Medium,5,Focused,1,App QA Cycle,QA,2,0,25%,MGR346,2,No,Done,Ready for submission,"JIRA, PyCharm"
1026,EMP27,10/10/2025,Bug fixing,3,"3,1",Medium,3,Happy,6,CRM Update,HR,1,0,50%,MGR417,13,No,Done,Blocked by dependencies,Google Docs
1027,EMP160,10/07/2025,Team meeting,"1,7","1,8",Low,4,Happy,3,App QA Cycle,Analytics,1,2,100%,MGR358,7,No,Done,Code reviewed twice,"Figma, Power BI"
1028,EMP123,09/27/2025,Write proposal,"3,6","3,6",Medium,6,Calm,7,CRM Update,HR,2,3,50%,MGR386,14,No,Delayed,Good team engagement,"VSCode, GitHub"
1029,EMP102,09/17/2025,Write report,"1,1","1,1",High,5,Happy,9,Client Dashboard,Sales,1,4,100%,MGR345,8,Yes,Done,Code reviewed twice,"Word, Excel"
1030,EMP173,10/16/2025,Design dashboard,"3,1","3,1",Medium,7,Happy,3,Client Dashboard,HR,2,2,75%,MGR334,8,Yes,Ongoing,Ready for submission,Google Docs
1031,EMP165,09/19/2025,Team meeting,"2,8","2,7",High,4,Stressed,4,New Project RFP,IT,2,2,0%,MGR426,5,Yes,Done,Blocked by dependencies,"JIRA, PyCharm"
1032,EMP185,10/12/2025,Code feature,3,"3,5",High,1,Happy,4,Q4 Review Report,Sales,1,3,75%,MGR349,8,Yes,Ongoing,Audit scheduled,"JIRA, PyCharm"
1033,EMP180,10/05/2025,Bug fixing,3,3,Low,3,Happy,5,App QA Cycle,HR,1,1,50%,MGR391,3,Yes,Delayed,Blocked by dependencies,Google Docs
1034,EMP168,09/21/2025,Write report,"1,3","1,6",Low,6,Tired,9,All-Hands Sync,Analytics,2,1,50%,MGR357,9,No,Ongoing,Needed extra research,"JIRA, PyCharm"
1035,EMP178,10/01/2025,Bug fixing,"1,5","1,3",Low,4,Stressed,3,Q4 Review Report,Sales,1,4,0%,MGR388,9,Yes,Done,UI feedback pending,"Word, Excel"
1036,EMP90,10/05/2025,Team meeting,2,2,Low,1,Focused,8,App QA Cycle,IT,1,1,75%,MGR379,10,No,Delayed,Blocked by dependencies,Google Docs
1037,EMP150,10/17/2025,Bug fixing,"2,2","2,7",High,7,Focused,10,All-Hands Sync,Analytics,2,0,50%,MGR330,14,Yes,Ongoing,Code reviewed twice,Google Docs
1038,EMP125,10/10/2025,Code feature,"3,3","3,8",Low,2,Calm,10,CRM Update,IT,0,5,75%,MGR330,7,Yes,Done,Follow up required,Google Docs
1039,EMP199,10/17/2025,Design dashboard,"1,9","2,1",Medium,7,Tired,7,Client Dashboard,QA,0,2,25%,MGR324,6,No,Done,Follow up required,"Zoom, Slack"
1040,EMP147,09/19/2025,Code feature,"3,6","4,1",Medium,4,Calm,4,All-Hands Sync,Analytics,1,3,0%,MGR365,2,Yes,Ongoing,Needed extra research,"Figma, Power BI"
1041,EMP115,09/20/2025,Code feature,"3,3","3,6",High,5,Stressed,1,All-Hands Sync,QA,1,0,100%,MGR395,15,Yes,Done,Blocked by dependencies,"Figma, Power BI"
1042,EMP178,10/02/2025,Code feature,3,"2,8",Low,2,Happy,2,Client Dashboard,IT,2,2,100%,MGR345,9,Yes,Ongoing,Good team engagement,"JIRA, PyCharm"
1043,EMP27,10/06/2025,Write report,"3,7","4,2",Low,7,Stressed,5,All-Hands Sync,Analytics,1,5,25%,MGR342,3,No,Done,Audit scheduled,"VSCode, GitHub"
1044,EMP176,10/16/2025,Team meeting,"3,4","3,6",Medium,6,Focused,7,App QA Cycle,Analytics,2,4,0%,MGR386,5,No,Done,Blocked by dependencies,"JIRA, PyCharm"
1045,EMP68,10/12/2025,Bug fixing,"3,6","3,6",High,3,Stressed,8,Client Dashboard,Sales,0,4,0%,MGR382,10,No,Ongoing,Blocked by dependencies,"Zoom, Slack"
1046,EMP102,09/21/2025,Bug fixing,"1,4","1,2",High,3,Tired,7,App QA Cycle,QA,0,3,0%,MGR425,3,No,Ongoing,Customer issue,Google Docs
1047,EMP119,09/26/2025,Bug fixing,"2,9","3,4",Medium,7,Stressed,9,Q4 Review Report,IT,0,2,100%,MGR344,12,No,Ongoing,Needed extra research,Google Docs
1048,EMP27,09/18/2025,Team meeting,2,"2,3",Medium,2,Happy,9,Q4 Review Report,QA,2,4,100%,MGR345,10,No,Ongoing,Needed extra research,"VSCode, GitHub"
1049,EMP45,10/01/2025,Code feature,"2,8","2,7",High,6,Happy,2,Client Dashboard,IT,1,1,100%,MGR303,2,No,Done,Code reviewed twice,"Zoom, Slack"
1050,EMP21,10/15/2025,Code feature,"3,1","3,4",Low,7,Happy,3,App QA Cycle,IT,1,3,0%,MGR339,4,Yes,Ongoing,Ready for submission,"JIRA, PyCharm"
1051,EMP194,10/05/2025,Design dashboard,"2,6","2,6",Low,3,Calm,5,App QA Cycle,Analytics,1,3,75%,MGR371,15,Yes,Delayed,Ready for submission,Google Docs
1052,EMP22,10/07/2025,Design dashboard,"1,7","1,7",Medium,1,Tired,3,Client Dashboard,IT,0,5,0%,MGR329,4,No,Done,Good team engagement,Google Docs
1053,EMP103,09/22/2025,Design dashboard,"2,3","2,1",Medium,6,Tired,5,New Project RFP,HR,1,4,50%,MGR327,14,Yes,Delayed,Blocked by dependencies,"Word, Excel"
1054,EMP162,10/14/2025,Bug fixing,"1,2","1,4",High,2,Focused,1,App QA Cycle,QA,0,0,25%,MGR309,15,No,Done,Code reviewed twice,"Figma, Power BI"
1055,EMP37,09/24/2025,Bug fixing,"1,5","1,3",Low,3,Tired,3,App QA Cycle,Sales,0,5,100%,MGR348,14,Yes,Ongoing,UI feedback pending,"Word, Excel"
1056,EMP165,09/17/2025,Code feature,"2,9","2,7",Medium,7,Happy,3,All-Hands Sync,QA,0,5,0%,MGR400,8,Yes,Delayed,Revision requested,"Word, Excel"
1057,EMP77,09/22/2025,Design dashboard,"2,5",3,High,3,Tired,1,App QA Cycle,Analytics,0,4,100%,MGR373,10,Yes,Done,Revision requested,"Zoom, Slack"
1058,EMP34,09/20/2025,Design dashboard,"3,6","3,7",High,4,Focused,9,Q4 Review Report,Sales,2,1,50%,MGR394,2,Yes,Done,Blocked by dependencies,"Word, Excel"
1059,EMP117,09/17/2025,Write proposal,"2,4","2,9",High,7,Tired,10,Q4 Review Report,IT,2,0,100%,MGR318,2,No,Ongoing,Follow up required,"Zoom, Slack"
1060,EMP195,10/06/2025,Bug fixing,"3,4","3,4",Medium,6,Calm,8,New Project RFP,HR,1,5,75%,MGR422,4,No,Ongoing,UI feedback pending,"VSCode, GitHub"
1061,EMP56,09/26/2025,Design dashboard,"2,1","2,2",Low,2,Tired,5,CRM Update,HR,2,0,75%,MGR376,4,Yes,Delayed,Follow up required,"Figma, Power BI"
1062,EMP158,10/14/2025,Code feature,"2,6","2,5",Medium,2,Happy,4,App QA Cycle,QA,1,3,75%,MGR413,8,No,Delayed,UI feedback pending,"Zoom, Slack"
1063,EMP190,09/29/2025,Code feature,"2,6","2,5",Low,5,Calm,4,CRM Update,IT,2,1,100%,MGR393,9,No,Delayed,Ready for submission,"VSCode, GitHub"
1064,EMP120,09/21/2025,Bug fixing,"2,2","2,1",High,5,Tired,5,New Project RFP,QA,0,1,25%,MGR386,10,Yes,Ongoing,Follow up required,Google Docs
1065,EMP130,09/22/2025,Bug fixing,"3,4","3,5",High,6,Calm,7,New Project RFP,IT,1,5,100%,MGR339,12,No,Ongoing,Blocked by dependencies,"VSCode, GitHub"
1066,EMP125,09/27/2025,Bug fixing,"3,1","3,3",High,7,Calm,8,All-Hands Sync,Sales,2,4,0%,MGR324,14,Yes,Done,Needed extra research,"Word, Excel"
1067,EMP33,09/27/2025,Write report,"1,1",1,Medium,3,Calm,3,CRM Update,HR,0,2,100%,MGR380,11,No,Delayed,UI feedback pending,"Figma, Power BI"
1068,EMP64,09/26/2025,Team meeting,"2,3","2,2",High,7,Focused,3,CRM Update,IT,1,0,100%,MGR404,4,No,Ongoing,Ready for submission,"Figma, Power BI"
1069,EMP83,09/20/2025,Design dashboard,"1,2","1,1",High,4,Stressed,1,CRM Update,QA,1,3,75%,MGR343,14,Yes,Ongoing,UI feedback pending,"JIRA, PyCharm"
1070,EMP169,10/05/2025,Code feature,"1,7","1,9",Medium,1,Tired,10,All-Hands Sync,HR,0,2,0%,MGR345,4,No,Ongoing,Follow up required,"VSCode, GitHub"
1071,EMP48,10/16/2025,Design dashboard,"2,1","2,4",High,6,Happy,5,Client Dashboard,Analytics,1,4,75%,MGR304,11,No,Done,UI feedback pending,"Zoom, Slack"
1072,EMP69,10/03/2025,Team meeting,"3,8","3,6",Low,1,Tired,6,CRM Update,Analytics,2,1,50%,MGR367,9,No,Delayed,Needed extra research,"Zoom, Slack"
1073,EMP188,10/01/2025,Design dashboard,"1,6","1,4",High,3,Focused,1,CRM Update,Sales,0,5,100%,MGR304,6,No,Done,Customer issue,"JIRA, PyCharm"
1074,EMP119,09/18/2025,Design dashboard,"2,5",3,Low,3,Tired,6,All-Hands Sync,Sales,1,3,50%,MGR333,7,No,Ongoing,Blocked by dependencies,"JIRA, PyCharm"
1075,EMP92,09/25/2025,Write report,"1,9","2,1",Medium,6,Stressed,6,New Project RFP,Analytics,0,1,0%,MGR362,3,Yes,Delayed,Code reviewed twice,"VSCode, GitHub"
1076,EMP166,10/12/2025,Code feature,"3,8","4,1",High,7,Stressed,1,Client Dashboard,Analytics,2,2,100%,MGR318,4,No,Ongoing,UI feedback pending,"Figma, Power BI"
1077,EMP47,10/06/2025,Write report,"2,6","2,7",High,6,Calm,4,Client Dashboard,Analytics,0,0,0%,MGR300,8,Yes,Done,Needed extra research,"Figma, Power BI"
1078,EMP40,09/29/2025,Team meeting,"2,8","2,9",Low,5,Calm,8,CRM Update,QA,2,5,25%,MGR420,6,Yes,Delayed,Good team engagement,Google Docs
1079,EMP21,09/19/2025,Code feature,"2,2","2,7",High,3,Calm,9,New Project RFP,IT,2,0,0%,MGR348,4,No,Done,Good team engagement,"JIRA, PyCharm"
1080,EMP182,10/13/2025,Write proposal,"2,2","2,2",Medium,5,Tired,9,Client Dashboard,HR,0,3,50%,MGR388,13,Yes,Ongoing,Needed extra research,"Figma, Power BI"
1081,EMP194,09/25/2025,Team meeting,"2,6","2,5",High,1,Stressed,2,App QA Cycle,HR,2,0,100%,MGR410,3,No,Done,Code reviewed twice,"Zoom, Slack"
1082,EMP170,10/11/2025,Team meeting,3,"3,1",Low,6,Focused,2,New Project RFP,HR,2,2,75%,MGR391,13,No,Delayed,Customer issue,"Zoom, Slack"
1083,EMP145,09/27/2025,Write proposal,"3,4","3,3",Low,2,Calm,10,CRM Update,Analytics,2,2,75%,MGR419,9,No,Delayed,Customer issue,"JIRA, PyCharm"
1084,EMP135,09/21/2025,Code feature,"3,1","3,1",Low,7,Tired,7,Q4 Review Report,IT,1,3,25%,MGR402,7,Yes,Delayed,Good team engagement,"VSCode, GitHub"
1085,EMP171,10/17/2025,Code feature,"2,7","2,8",High,1,Stressed,7,App QA Cycle,IT,1,2,25%,MGR305,9,No,Done,Ready for submission,Google Docs
1086,EMP91,09/24/2025,Code feature,"3,8","4,1",Medium,5,Tired,7,App QA Cycle,IT,1,5,0%,MGR390,3,Yes,Delayed,Customer issue,Google Docs
1087,EMP94,09/21/2025,Code feature,"2,5","2,4",Low,4,Calm,7,App QA Cycle,Analytics,1,5,25%,MGR386,12,No,Ongoing,Audit scheduled,"JIRA, PyCharm"
1088,EMP176,09/20/2025,Write proposal,"3,4","3,7",High,5,Happy,6,Client Dashboard,HR,2,1,50%,MGR421,3,Yes,Delayed,UI feedback pending,"JIRA, PyCharm"
1089,EMP83,09/23/2025,Team meeting,"1,1","1,2",Low,2,Happy,8,All-Hands Sync,Sales,1,4,50%,MGR349,4,No,Ongoing,Audit scheduled,"VSCode, GitHub"
1090,EMP171,10/06/2025,Code feature,"1,3","1,8",High,4,Focused,8,Q4 Review Report,HR,2,0,75%,MGR337,11,No,Done,Revision requested,"JIRA, PyCharm"
1091,EMP138,10/06/2025,Design dashboard,"2,8","2,6",Medium,1,Tired,7,CRM Update,HR,2,1,50%,MGR315,9,Yes,Done,Needed extra research,"Zoom, Slack"
1092,EMP111,10/13/2025,Write proposal,"2,5","2,8",Medium,5,Calm,5,All-Hands Sync,QA,1,4,100%,MGR351,15,Yes,Ongoing,Audit scheduled,"Word, Excel"
1093,EMP95,10/10/2025,Write report,"1,7","1,7",Low,2,Focused,9,All-Hands Sync,IT,1,3,0%,MGR376,6,Yes,Done,Ready for submission,"Word, Excel"
1094,EMP27,10/07/2025,Design dashboard,"2,9",3,Medium,1,Happy,8,CRM Update,QA,2,3,100%,MGR340,11,No,Delayed,Code reviewed twice,"Zoom, Slack"
1095,EMP136,09/25/2025,Code feature,"2,1","2,2",Low,5,Tired,5,CRM Update,Sales,0,2,0%,MGR331,2,No,Ongoing,Customer issue,"Zoom, Slack"
1096,EMP56,09/27/2025,Design dashboard,"3,7","3,7",Medium,5,Stressed,7,Client Dashboard,HR,1,1,50%,MGR308,12,No,Delayed,Audit scheduled,Google Docs
1097,EMP30,10/15/2025,Write proposal,"1,7","2,2",High,6,Calm,8,Q4 Review Report,Analytics,0,1,0%,MGR341,13,Yes,Done,UI feedback pending,"Zoom, Slack"
1098,EMP106,09/19/2025,Bug fixing,"1,9","2,1",Medium,7,Stressed,8,App QA Cycle,Sales,0,4,75%,MGR401,13,Yes,Ongoing,Code reviewed twice,"VSCode, GitHub"
1099,EMP134,09/22/2025,Write report,"3,6","3,5",Medium,2,Calm,1,Client Dashboard,Sales,0,0,25%,MGR422,2,Yes,Done,Blocked by dependencies,"VSCode, GitHub"
1100,EMP55,10/03/2025,Team meeting,3,"3,1",Medium,4,Tired,1,New Project RFP,HR,1,0,75%,MGR317,2,Yes,Ongoing,Needed extra research,"VSCode, GitHub"
